SampleID,Length,Weight,Minutes,Hook,Tissue,Strength,Depth,O2,Species
7376,28,92,179,5,56,113.1703924,16468.78867,40.784,Chain Pickerel
7797,20,28,141,2,1,22.63796661,3948.435743,27.56,Chain Pickerel
8699,29,103,666,6,64,41.68218722,68598.96358,43.062,Chain Pickerel
4292,24,51,650,8,22,47.38619184,33150.17149,38.672,Chain Pickerel
2012,26,65,364,3,28,42.52828632,23660.91995,36.228,Chain Pickerel
6718,19,24,749,6,0,23.47477641,17976.3023,30.282,Chain Pickerel
1752,22,38,473,6,11,43.65335648,17974.03945,34.116,Chain Pickerel
8495,17,17,286,2,9,26.86015708,4862.404573,23.726,Chain Pickerel
5046,29,103,24,8,65,75.08720983,2472.092467,45.062,Chain Pickerel
4874,21,33,223,2,3,47.57773789,7359.737384,28.838,Chain Pickerel
9950,22,38,494,3,8,23.95745341,18772.04312,31.116,Chain Pickerel
7833,22,38,126,7,11,55.17372253,4788.558462,35.116,Chain Pickerel
3086,18,20,438,5,4,33.05716974,8760.754491,28.004,Chain Pickerel
4713,25,58,493,7,28,81.88676141,28594.04997,38.95,Chain Pickerel
8578,28,92,644,6,57,100.2974289,59248.31594,41.784,Chain Pickerel
4833,28,92,18,2,54,52.64156352,1656.805747,37.784,Chain Pickerel
2094,24,51,407,1,17,60.37402919,20757.64937,31.672,Chain Pickerel
4862,16,14,345,6,9,20.52069973,4830.756316,26.448,Chain Pickerel
5209,19,24,49,3,3,26.44980867,1176.683787,27.282,Chain Pickerel
7568,18,20,264,6,6,22.1708837,5280.653749,29.004,Chain Pickerel
8041,27,83,122,3,49,74.31410591,10126.47793,37.506,Chain Pickerel
6821,19,24,204,4,0,38.02906506,4896.451431,28.282,Chain Pickerel
5840,19,24,364,2,4,24.79699777,8736.251162,26.282,Chain Pickerel
4475,16,14,110,5,7,17.3073422,1540.534017,25.448,Chain Pickerel
8814,17,17,28,3,6,21.5757608,476.3129982,24.726,Chain Pickerel
5406,16,14,613,5,7,20.1241041,8582.054452,25.448,Chain Pickerel
7298,27,83,534,2,51,99.11454175,44322.69349,36.506,Chain Pickerel
5787,31,126,305,4,85,54.65010296,38430.04512,43.618,Chain Pickerel
5749,19,24,678,5,4,38.49887999,16272.35925,29.282,Chain Pickerel
1741,29,103,396,4,68,65.83784711,40788.949,41.062,Chain Pickerel
5700,15,11,346,4,13,24.87826309,3806.05691,23.17,Chain Pickerel
9502,23,44,43,8,11,26.75614863,1892.469477,37.394,Chain Pickerel
1520,21,33,195,5,6,35.4780652,6435.857433,31.838,Chain Pickerel
4594,23,44,645,7,10,65.81740103,28380.88042,36.394,Chain Pickerel
8903,23,44,605,2,16,61.68160563,26620.93294,31.394,Chain Pickerel
8086,20,28,570,1,2,22.33784796,15960.25903,26.56,Chain Pickerel
1691,17,17,11,4,11,22.11087901,187.8735752,25.726,Chain Pickerel
8211,18,20,655,6,4,25.53978699,13100.5503,29.004,Chain Pickerel
6354,20,28,8,5,1,22.83854174,224.186134,30.56,Chain Pickerel
6240,21,33,462,6,1,26.67127295,15246.74238,32.838,Chain Pickerel
4288,24,51,735,3,16,43.79138818,37485.32003,33.672,Chain Pickerel
2509,19,24,460,8,5,25.80624678,11040.20116,32.282,Chain Pickerel
4544,17,17,706,6,9,17.48481999,12002.12633,27.726,Chain Pickerel
4616,24,51,569,8,22,30.33387334,29019.35691,38.672,Chain Pickerel
9199,22,38,14,3,11,41.6713872,532.3107517,31.116,Chain Pickerel
2263,19,24,421,8,3,42.58122447,10104.68607,32.282,Chain Pickerel
2517,22,38,283,5,5,54.58195693,10754.74868,33.116,Chain Pickerel
8997,23,44,577,6,11,23.04896533,25388.60955,35.394,Chain Pickerel
5493,28,92,221,3,57,88.640956,20332.30167,38.784,Chain Pickerel
8412,28,92,512,6,59,112.8517958,47104.64379,41.784,Chain Pickerel
4684,28,92,335,1,54,90.57090855,30820.86826,36.784,Chain Pickerel
9705,24,51,590,1,18,57.79162723,30090.84542,31.672,Chain Pickerel
7587,16,14,585,4,12,28.9944365,8190.854166,24.448,Chain Pickerel
3662,18,20,127,1,9,31.31192013,2540.342935,24.004,Chain Pickerel
7295,30,114,634,8,76,96.26301242,72276.02813,46.34,Chain Pickerel
5987,23,44,136,5,13,37.35045748,5984.954626,34.394,Chain Pickerel
3476,20,28,359,8,3,24.26761796,10052.34007,33.56,Chain Pickerel
5778,20,28,627,7,1,30.42417025,17556.4617,32.56,Chain Pickerel
9105,23,44,345,5,13,50.41608419,15180.23886,34.394,Chain Pickerel
4246,16,14,375,3,12,18.40677466,5250.791004,23.448,Chain Pickerel
3076,31,126,392,4,89,123.1655664,49392.80278,43.618,Chain Pickerel
8134,18,20,292,1,8,32.31169413,5840.136968,24.004,Chain Pickerel
7714,26,65,50,7,29,36.68569805,3250.953638,40.228,Chain Pickerel
1263,25,58,455,7,24,82.65611848,26390.65297,38.95,Chain Pickerel
4244,28,92,330,1,54,86.37191915,30360.74934,36.784,Chain Pickerel
2826,15,11,405,8,13,25.86114003,4455.911061,27.17,Chain Pickerel
2547,22,38,373,2,5,56.23393328,14174.31987,30.116,Chain Pickerel
8216,23,44,441,8,11,45.30829863,19404.47682,37.394,Chain Pickerel
8599,22,38,743,1,11,25.55395247,28234.12529,29.116,Chain Pickerel
5964,30,114,647,6,74,122.2700373,73758.46295,44.34,Chain Pickerel
1941,21,33,523,1,3,37.1935077,17259.96106,27.838,Chain Pickerel
2425,15,11,288,5,11,21.81690173,3168.752853,24.17,Chain Pickerel
3189,17,17,603,4,9,26.32210663,10251.45993,25.726,Chain Pickerel
8870,28,92,85,4,57,102.5227203,7820.819709,39.784,Chain Pickerel
8651,31,126,472,6,90,129.7524876,59472.62963,45.618,Chain Pickerel
1714,28,92,585,4,58,54.6723205,53820.93124,39.784,Chain Pickerel
8655,25,58,67,8,27,64.33455086,3886.31641,39.95,Chain Pickerel
2520,24,51,90,4,22,71.23178746,4590.919667,34.672,Chain Pickerel
4909,15,11,222,7,11,21.95603871,2442.186768,26.17,Chain Pickerel
9813,26,65,267,4,28,53.59245979,17355.68985,37.228,Chain Pickerel
8695,28,92,633,6,59,41.0181077,58236.30876,41.784,Chain Pickerel
1964,19,24,77,8,6,42.98531156,1848.798485,32.282,Chain Pickerel
6691,25,58,136,1,26,50.66088842,7888.514659,32.95,Chain Pickerel
8541,15,11,383,1,14,16.68492798,4213.237686,20.17,Chain Pickerel
2751,24,51,150,1,22,74.02151177,7650.626014,31.672,Chain Pickerel
4348,22,38,172,7,10,42.80374719,6536.602093,35.116,Chain Pickerel
7677,19,24,409,4,6,27.39736079,9816.567757,28.282,Chain Pickerel
4506,26,65,126,2,34,89.17136371,8190.353701,35.228,Chain Pickerel
3535,19,24,619,6,3,22.38364869,14856.9951,30.282,Chain Pickerel
3362,31,126,162,4,88,95.11898887,20412.63812,43.618,Chain Pickerel
3940,26,65,725,5,34,80.23994983,47125.00357,38.228,Chain Pickerel
4485,25,58,35,7,26,64.59091773,2030.117927,38.95,Chain Pickerel
4389,26,65,132,4,30,60.32176553,8580.404828,37.228,Chain Pickerel
1748,27,83,50,1,46,68.78448235,4150.944607,35.506,Chain Pickerel
4034,27,83,433,1,51,48.59643118,35939.30707,35.506,Chain Pickerel
5057,20,28,151,8,2,31.49896788,4228.431719,33.56,Chain Pickerel
2816,25,58,124,5,27,54.55549209,7192.62786,36.95,Chain Pickerel
4304,23,44,609,5,14,37.12183177,26796.09909,34.394,Chain Pickerel
4867,30,114,207,7,76,57.13691449,23598.73276,45.34,Chain Pickerel
3214,24,51,269,1,18,56.50530479,13719.95334,31.672,Chain Pickerel
6075,29,103,201,3,65,45.92778052,20703.86219,40.062,Chain Pickerel
3748,24,51,24,7,21,38.01858818,1224.140581,37.672,Chain Pickerel
9278,22,38,649,4,8,23.54245317,24662.41844,32.116,Chain Pickerel
1480,15,11,288,3,9,23.85417718,3168.545795,22.17,Chain Pickerel
9341,16,14,684,6,13,18.47592346,9576.180132,26.448,Chain Pickerel
1744,20,28,603,6,1,33.65229719,16884.03936,31.56,Chain Pickerel
6113,26,65,434,3,34,50.07828583,28210.8776,36.228,Chain Pickerel
3091,25,58,304,4,24,70.43122468,17632.70607,35.95,Chain Pickerel
2306,28,92,147,5,53,115.4156566,13524.11346,40.784,Chain Pickerel
4493,29,103,648,3,65,98.25176485,66744.80258,40.062,Chain Pickerel
4588,31,126,706,2,87,115.7313158,88956.25907,41.618,Chain Pickerel
4839,15,11,707,8,11,24.4498042,7777.047659,27.17,Chain Pickerel
6290,26,65,506,2,30,87.43165002,32890.01914,35.228,Chain Pickerel
5592,30,114,448,7,77,66.6937369,51072.82889,45.34,Chain Pickerel
9317,24,51,387,3,20,26.08146633,19737.50008,33.672,Chain Pickerel
8355,20,28,169,3,3,34.77530899,4732.894097,28.56,Chain Pickerel
9918,21,33,407,7,7,37.55433813,13431.07625,33.838,Chain Pickerel
3849,22,38,338,2,9,35.08694699,12844.57099,30.116,Chain Pickerel
3661,25,58,50,5,27,28.17453302,2900.079996,36.95,Chain Pickerel
1126,18,20,418,4,4,19.24071807,8360.23429,27.004,Chain Pickerel
3943,22,38,694,5,9,37.01626122,26372.26173,33.116,Chain Pickerel
8731,25,58,35,6,23,55.94233405,2030.955131,37.95,Chain Pickerel
3404,23,44,519,4,16,36.90280071,22836.66353,33.394,Chain Pickerel
1883,23,44,62,8,16,60.4649877,2728.560316,37.394,Chain Pickerel
9443,15,11,437,6,11,22.14688277,4807.991441,25.17,Chain Pickerel
1516,19,24,436,3,2,20.44449425,10464.63617,27.282,Chain Pickerel
8015,16,14,88,6,12,29.83361191,1232.528259,26.448,Chain Pickerel
1194,28,92,557,1,53,107.4253053,51244.37754,36.784,Chain Pickerel
2524,25,58,425,2,28,68.45404223,24650.94638,33.95,Chain Pickerel
7739,29,103,394,6,67,122.4910056,40582.97408,43.062,Chain Pickerel
4151,21,33,223,8,3,25.50766007,7359.392368,34.838,Chain Pickerel
5733,25,58,271,4,23,50.18055851,15718.73066,35.95,Chain Pickerel
3887,16,14,159,2,11,29.63076497,2226.310098,22.448,Chain Pickerel
2493,17,17,270,5,5,20.30595754,4590.641138,26.726,Chain Pickerel
4740,31,126,478,1,87,93.5050288,60228.50494,40.618,Chain Pickerel
1406,19,24,192,1,6,41.22796807,4608.409961,25.282,Chain Pickerel
2649,22,38,179,6,11,23.11341553,6802.260483,34.116,Chain Pickerel
1415,31,126,558,6,87,119.3022817,70308.57912,45.618,Chain Pickerel
9910,21,33,197,5,6,34.02678579,6501.153257,31.838,Chain Pickerel
9419,23,44,536,7,15,54.3378553,23584.14439,36.394,Chain Pickerel
4956,29,103,662,5,68,41.25070595,68186.44008,42.062,Chain Pickerel
2414,29,103,255,7,64,63.47946495,26265.61321,44.062,Chain Pickerel
3280,26,65,296,4,30,72.26460345,19240.78341,37.228,Chain Pickerel
3048,20,28,583,1,3,21.13852758,16324.81709,26.56,Chain Pickerel
7697,22,38,32,5,7,27.29751402,1216.134263,33.116,Chain Pickerel
5136,29,103,637,6,64,80.42538186,65611.62436,43.062,Chain Pickerel
8618,25,58,603,3,23,56.63745184,34974.02037,34.95,Chain Pickerel
7522,20,28,395,6,3,26.76579785,11060.28888,31.56,Chain Pickerel
6350,25,58,514,3,28,35.92943459,29812.43648,34.95,Chain Pickerel
4950,15,11,525,4,13,18.05629761,5775.292764,23.17,Chain Pickerel
9112,29,103,624,4,66,79.00199161,64272.7353,41.062,Chain Pickerel
7812,26,65,114,2,29,87.56065295,7410.521282,35.228,Chain Pickerel
7793,27,83,111,6,46,99.45523606,9213.062172,40.506,Chain Pickerel
6042,31,126,355,5,86,151.5869507,44730.61357,44.618,Chain Pickerel
9430,16,14,677,2,11,22.02344526,9478.935699,22.448,Chain Pickerel
6645,15,11,453,1,12,21.56163099,4983.093629,20.17,Chain Pickerel
6504,20,28,631,4,3,45.32875225,17668.92668,29.56,Chain Pickerel
7008,20,28,344,5,1,37.24439701,9632.316777,30.56,Chain Pickerel
1219,30,114,316,4,77,133.5374885,36024.14827,42.34,Chain Pickerel
2673,31,126,112,8,85,45.99159049,14112.36041,47.618,Chain Pickerel
4173,18,20,660,2,4,27.36572546,13200.51806,25.004,Chain Pickerel
1518,22,38,512,6,5,59.87023943,19456.52345,34.116,Chain Pickerel
6622,22,38,25,8,6,27.43546378,950.1562931,36.116,Chain Pickerel
4496,22,38,210,8,7,33.49074102,7980.052486,36.116,Chain Pickerel
4857,31,126,487,1,89,96.31152774,61362.51225,40.618,Chain Pickerel
4888,30,114,279,8,75,99.19977486,31806.15497,46.34,Chain Pickerel
2953,25,58,726,2,27,58.75128373,42108.34152,33.95,Chain Pickerel
9054,16,14,581,7,7,25.80940367,8134.226331,27.448,Chain Pickerel
2447,15,11,401,4,13,18.45769054,4411.644417,23.17,Chain Pickerel
4152,30,114,548,5,76,46.64498514,62472.26976,43.34,Chain Pickerel
9268,31,126,190,4,88,109.5183174,23940.35981,43.618,Chain Pickerel
2681,15,11,684,2,10,21.28389059,7524.804165,21.17,Chain Pickerel
1159,17,17,129,6,5,27.1630793,2193.161174,27.726,Chain Pickerel
1011,19,24,207,4,5,21.94510719,4968.664162,28.282,Chain Pickerel
9265,15,11,293,6,10,23.34840105,3223.710724,25.17,Chain Pickerel
3436,29,103,540,6,64,123.6753288,55620.35814,43.062,Chain Pickerel
3337,15,11,149,8,13,25.23026432,1639.514083,27.17,Chain Pickerel
5492,19,24,174,7,2,25.95062118,4176.017951,31.282,Chain Pickerel
2609,21,33,187,1,3,41.61565341,6171.762463,27.838,Chain Pickerel
8865,22,38,226,8,8,25.19516366,8588.379819,36.116,Chain Pickerel
2372,20,28,730,2,1,26.99024688,20440.11317,27.56,Chain Pickerel
6688,28,92,487,3,55,36.34557346,44804.44143,38.784,Chain Pickerel
2338,25,58,255,6,22,32.23808881,14790.77812,37.95,Chain Pickerel
4170,31,126,709,3,84,33.07173038,89334.88269,42.618,Chain Pickerel
2370,24,51,164,7,17,50.14043504,8364.87911,37.672,Chain Pickerel
4265,22,38,653,4,5,40.18837545,24814.46104,32.116,Chain Pickerel
2732,25,58,490,3,26,62.569287,28420.00177,34.95,Chain Pickerel
4566,20,28,23,1,2,22.55627224,644.040834,26.56,Chain Pickerel
1613,28,92,40,6,55,50.73095434,3680.271337,41.784,Chain Pickerel
8366,16,14,532,2,13,17.61413187,7448.518271,22.448,Chain Pickerel
3600,15,11,672,6,14,20.31236158,7392.569926,25.17,Chain Pickerel
8802,17,17,490,8,6,20.54968671,8330.716722,29.726,Chain Pickerel
9278,22,38,719,1,5,54.98780051,27322.16916,29.116,Chain Pickerel
8249,20,28,576,2,1,34.88859072,16128.53766,27.56,Chain Pickerel
2986,27,83,621,7,51,60.92447838,51543.4684,41.506,Chain Pickerel
3436,26,65,644,1,30,57.20753731,41860.86542,34.228,Chain Pickerel
3460,24,51,615,7,16,25.76484032,31365.43594,37.672,Chain Pickerel
1364,26,65,522,1,28,80.27442821,33930.77831,34.228,Chain Pickerel
3784,30,114,754,1,78,142.3953705,85956.87208,39.34,Chain Pickerel
8573,22,38,542,5,11,23.26982418,20596.36296,33.116,Chain Pickerel
1310,20,28,47,1,3,21.99917919,1316.390296,26.56,Chain Pickerel
4732,18,20,207,3,6,29.25202571,4140.15542,26.004,Chain Pickerel
8201,25,58,730,3,23,44.09776536,42340.33954,34.95,Chain Pickerel
8637,24,51,353,2,22,50.30458993,18003.83004,32.672,Chain Pickerel
1377,27,83,329,8,51,99.44789343,27307.18795,42.506,Chain Pickerel
8529,20,28,318,5,1,45.6268348,8904.392124,30.56,Chain Pickerel
9210,24,51,245,3,19,52.23916657,12495.73085,33.672,Chain Pickerel
9240,24,51,341,2,19,56.90763491,17391.64021,32.672,Chain Pickerel
1198,21,33,307,3,5,38.52695866,10131.01626,29.838,Chain Pickerel
7431,25,58,235,5,24,28.57437817,13630.64035,36.95,Chain Pickerel
3879,30,114,324,7,73,131.8788823,36936.37933,45.34,Chain Pickerel
3911,21,33,40,6,5,38.49768015,1320.490527,32.838,Chain Pickerel
2628,28,92,405,3,57,105.4709199,37260.444,38.784,Chain Pickerel
5732,28,92,353,4,56,62.9299949,32476.76927,39.784,Chain Pickerel
7988,31,126,364,2,84,136.2040391,45864.24293,41.618,Chain Pickerel
7428,27,83,552,2,45,70.11416353,45816.12363,36.506,Chain Pickerel
9152,21,33,659,5,7,36.55630433,21747.83741,31.838,Chain Pickerel
6936,30,114,455,5,77,82.44629179,51870.84083,43.34,Chain Pickerel
2765,30,114,96,1,74,137.3787196,10944.86363,39.34,Chain Pickerel
3619,21,33,600,6,4,37.55226543,19800.95132,32.838,Chain Pickerel
9736,31,126,531,4,86,139.172887,66906.81394,43.618,Chain Pickerel
3466,23,44,399,5,13,42.02253453,17556.88565,34.394,Chain Pickerel
2618,23,44,538,2,14,58.64887018,23672.38999,31.394,Chain Pickerel
2526,29,103,511,1,67,67.19815739,52633.35756,38.062,Chain Pickerel
4178,30,114,742,8,77,70.43207187,84588.49808,46.34,Chain Pickerel
8093,15,11,332,6,9,23.46617754,3652.879777,25.17,Chain Pickerel
8179,20,28,527,4,1,27.27562979,14756.50918,29.56,Chain Pickerel
9195,23,44,272,6,13,43.59505984,11968.69384,35.394,Chain Pickerel
3987,15,11,180,5,11,23.86797986,1980.361293,24.17,Chain Pickerel
9315,18,20,630,5,6,34.70521736,12600.61725,28.004,Chain Pickerel
1378,28,92,39,2,58,65.29319888,3588.659975,37.784,Chain Pickerel
6611,26,65,100,6,31,68.51572626,6500.073464,39.228,Chain Pickerel
9560,20,28,170,4,3,22.22725074,4760.377498,29.56,Chain Pickerel
6591,24,51,617,8,21,63.86565937,31467.65691,38.672,Chain Pickerel
6787,18,20,454,7,6,18.55255971,9080.165197,30.004,Chain Pickerel
7650,23,44,282,2,12,54.41715186,12408.61479,31.394,Chain Pickerel
5110,19,24,545,2,0,33.68172463,13080.63177,26.282,Chain Pickerel
4063,28,92,74,5,53,105.157424,6808.188148,40.784,Chain Pickerel
3295,22,38,15,7,11,55.51113906,570.9775258,35.116,Chain Pickerel
5917,23,44,754,2,15,49.31664504,33176.02465,31.394,Chain Pickerel
7396,24,51,326,5,21,63.23767923,16626.92119,35.672,Chain Pickerel
7357,15,11,142,4,15,20.9491005,1562.342107,23.17,Chain Pickerel
4113,21,33,124,2,2,40.15989608,4092.94303,28.838,Chain Pickerel
2905,30,114,637,2,79,119.9979314,72618.06335,40.34,Chain Pickerel
9630,15,11,602,4,14,25.55856088,6622.506682,23.17,Chain Pickerel
8342,17,17,130,5,10,32.70200985,2210.936489,26.726,Chain Pickerel
2936,25,58,257,4,25,48.24829059,14906.41652,35.95,Chain Pickerel
2281,18,20,744,1,8,19.9206159,14880.62464,24.004,Chain Pickerel
5514,28,92,602,1,58,44.57381631,55384.5245,36.784,Chain Pickerel
2771,22,38,243,5,6,44.47856372,9234.962,33.116,Chain Pickerel
7551,22,38,739,5,10,45.35921707,28082.97969,33.116,Chain Pickerel
2148,18,20,264,4,3,18.70635382,5280.035546,27.004,Chain Pickerel
6283,16,14,175,4,11,19.28617302,2450.89009,24.448,Chain Pickerel
8743,22,38,178,3,5,42.75259836,6764.519798,31.116,Chain Pickerel
3849,21,33,574,1,1,40.91627608,18942.16801,27.838,Chain Pickerel
5752,22,38,463,1,10,56.36927279,17594.74719,29.116,Chain Pickerel
3006,22,38,388,5,6,55.01308151,14744.61352,33.116,Chain Pickerel
9534,27,83,86,8,50,91.66168713,7138.513069,42.506,Chain Pickerel
8219,20,28,305,8,0,45.25492636,8540.826007,33.56,Chain Pickerel
7569,31,126,147,5,90,82.26199521,18522.03522,44.618,Chain Pickerel
3421,26,65,135,8,31,50.33078573,8775.005538,41.228,Chain Pickerel
9731,26,65,162,5,29,59.98816908,10530.77806,38.228,Chain Pickerel
4874,20,28,663,3,3,37.09549309,18564.08553,28.56,Chain Pickerel
7889,22,38,602,1,8,37.20888654,22876.806,29.116,Chain Pickerel
4824,27,83,337,2,48,105.6256567,27971.26701,36.506,Chain Pickerel
2974,16,14,655,1,10,18.94116468,9170.042724,21.448,Chain Pickerel
6062,15,11,745,2,14,16.80179845,8195.92963,21.17,Chain Pickerel
8187,31,126,116,8,86,109.9229555,14616.27642,47.618,Chain Pickerel
8041,16,14,120,5,9,18.16957757,1680.233829,25.448,Chain Pickerel
8927,16,14,32,2,9,22.84930589,448.9435692,22.448,Chain Pickerel
2321,22,38,738,6,6,54.24230663,28044.87881,34.116,Chain Pickerel
9148,21,33,436,5,6,46.88199403,14388.15457,31.838,Chain Pickerel
2342,31,126,583,1,85,104.3337165,73458.35293,40.618,Chain Pickerel
3736,25,58,385,5,28,25.96197856,22330.56137,36.95,Chain Pickerel
5797,28,92,151,1,53,79.75449193,13892.9123,36.784,Chain Pickerel
2855,15,11,366,7,12,18.45526553,4026.555552,26.17,Chain Pickerel
5498,23,44,189,1,11,63.05927346,8316.1479,30.394,Chain Pickerel
2847,31,126,179,8,87,154.3065762,22554.03183,47.618,Chain Pickerel
2948,30,114,679,5,75,56.48938211,77406.26238,43.34,Chain Pickerel
4048,15,11,330,1,15,25.89877887,3630.116975,20.17,Chain Pickerel
3984,21,33,748,2,1,46.4809402,24684.5149,28.838,Chain Pickerel
4493,27,83,427,7,46,74.7158624,35441.5377,41.506,Chain Pickerel
2108,19,24,402,5,1,32.38538459,9648.201538,29.282,Chain Pickerel
5324,24,51,599,2,21,66.14990641,30549.37131,32.672,Chain Pickerel
9171,17,17,658,3,6,26.9040946,11186.52009,24.726,Chain Pickerel
6392,29,103,480,6,65,65.98138394,49440.14731,43.062,Chain Pickerel
9903,23,44,200,1,13,51.25208736,8800.156671,30.394,Chain Pickerel
4885,15,11,301,8,12,23.81869341,3311.960524,27.17,Chain Pickerel
9317,26,65,286,6,29,71.79527595,18590.96607,39.228,Chain Pickerel
8822,18,20,57,7,3,26.11117062,1140.061955,30.004,Chain Pickerel
2076,24,51,185,8,18,60.45178747,9435.259843,38.672,Chain Pickerel
7952,18,20,506,2,7,32.90210681,10120.01065,25.004,Chain Pickerel
9176,16,14,103,7,12,26.60497672,1442.711402,27.448,Chain Pickerel
6118,23,44,641,2,10,32.71026388,28204.51081,31.394,Chain Pickerel
1364,29,103,706,6,63,118.352317,72718.68948,43.062,Chain Pickerel
5800,18,20,224,4,3,33.17799017,4480.478677,27.004,Chain Pickerel
1007,16,14,347,5,11,25.50062391,4858.404981,25.448,Chain Pickerel
3313,20,28,159,6,3,23.05594394,4452.545139,31.56,Chain Pickerel
9572,15,11,311,6,12,20.63123221,3421.848555,25.17,Chain Pickerel
7565,27,83,591,1,50,50.11109896,49053.78273,35.506,Chain Pickerel
1401,31,126,90,7,84,36.93385126,11340.06708,46.618,Chain Pickerel
8024,31,126,274,3,87,86.87776156,34524.52928,42.618,Chain Pickerel
2940,21,33,293,6,5,22.25030273,9669.50267,32.838,Chain Pickerel
5990,24,51,198,1,22,46.39052102,10098.14417,31.672,Chain Pickerel
7814,15,11,581,5,10,21.30956872,6391.636852,24.17,Chain Pickerel
4496,26,65,338,3,30,53.87661187,21970.7675,36.228,Chain Pickerel
8925,21,33,522,4,6,25.38030885,17226.82588,30.838,Chain Pickerel
7224,21,33,599,3,7,25.74996641,19767.78206,29.838,Chain Pickerel
8230,30,114,584,2,78,98.67368963,66576.03636,40.34,Chain Pickerel
1823,26,65,688,2,28,42.24959119,44720.99541,35.228,Chain Pickerel
8936,30,114,460,8,77,49.6894576,52440.37185,46.34,Chain Pickerel
1086,27,83,483,1,47,87.85951285,40089.22032,35.506,Chain Pickerel
1981,28,92,52,3,56,90.76782982,4784.504136,38.784,Chain Pickerel
8998,31,126,624,2,84,40.9471333,78624.04178,41.618,Chain Pickerel
3745,16,14,523,5,12,25.02403338,7322.043396,25.448,Chain Pickerel
5521,16,14,219,3,10,16.96693413,3066.683867,23.448,Chain Pickerel
9825,19,24,491,2,1,39.7637528,11784.56309,26.282,Chain Pickerel
9718,19,24,480,5,5,40.56184817,11520.54189,29.282,Chain Pickerel
2101,19,24,529,7,6,23.14153875,12696.18447,31.282,Chain Pickerel
7323,23,44,349,7,15,26.18858387,15356.17078,36.394,Chain Pickerel
8453,16,14,684,4,7,19.5876403,9576.88932,24.448,Chain Pickerel
8600,29,103,486,1,63,110.1826678,50058.03384,38.062,Chain Pickerel
2065,25,58,22,2,22,61.1214618,1276.971468,33.95,Chain Pickerel
9518,24,51,491,2,21,52.32429758,25041.71648,32.672,Chain Pickerel
1334,30,114,344,8,78,78.3354339,39216.84219,46.34,Chain Pickerel
3827,28,92,511,1,54,105.1787576,47012.32335,36.784,Chain Pickerel
7550,21,33,84,4,4,39.76040942,2772.592524,30.838,Chain Pickerel
3695,30,114,734,4,77,104.9773252,83676.20715,42.34,Chain Pickerel
3621,16,14,288,1,13,16.05605487,4032.486605,21.448,Chain Pickerel
6812,18,20,690,3,7,27.12452721,13800.1199,26.004,Chain Pickerel
9661,17,17,76,6,7,19.58908455,1292.967043,27.726,Chain Pickerel
8655,21,33,142,5,7,41.3688317,4686.684256,31.838,Chain Pickerel
5698,20,28,565,5,0,23.54480474,15820.98666,30.56,Chain Pickerel
1009,15,11,671,4,12,16.87568455,7381.802511,23.17,Chain Pickerel
2796,19,24,381,8,4,27.42111214,9144.590692,32.282,Chain Pickerel
5249,17,17,511,4,10,31.62592408,8687.264277,25.726,Chain Pickerel
8265,16,14,414,5,7,26.73540411,5796.9753,25.448,Chain Pickerel
8029,29,103,717,1,66,95.23386545,73851.47116,38.062,Chain Pickerel
7904,29,103,670,4,66,32.4011372,69010.00281,41.062,Chain Pickerel
2965,25,58,536,4,24,74.38393087,31088.38574,35.95,Chain Pickerel
8881,29,103,85,4,66,53.1781696,8755.47216,41.062,Chain Pickerel
6573,26,65,183,8,31,28.00444518,11895.93732,41.228,Chain Pickerel
4585,28,92,125,2,59,70.54441276,11500.85319,37.784,Chain Pickerel
7775,24,51,555,8,20,63.86134392,28305.42368,38.672,Chain Pickerel
7430,29,103,728,4,67,79.02796263,74984.91929,41.062,Chain Pickerel
6170,31,126,604,8,89,124.4794143,76104.01866,47.618,Chain Pickerel
5737,21,33,330,3,4,22.38343863,10890.33395,29.838,Chain Pickerel
6081,20,28,383,7,3,27.49449387,10724.92457,32.56,Chain Pickerel
9119,19,24,129,3,5,33.27163302,3096.03762,27.282,Chain Pickerel
9940,15,11,638,8,15,15.74147545,7018.396444,27.17,Chain Pickerel
9427,20,28,77,4,2,34.02637683,2156.087866,29.56,Chain Pickerel
1741,26,65,560,5,29,29.81062714,36400.19531,38.228,Chain Pickerel
9156,26,65,160,7,32,77.69384976,10400.35509,40.228,Chain Pickerel
7284,27,83,121,4,51,82.85753341,10043.42189,38.506,Chain Pickerel
9851,23,44,534,2,16,63.94471816,23496.81332,31.394,Chain Pickerel
1070,17,17,193,6,8,17.06407835,3281.947126,27.726,Chain Pickerel
8216,30,114,146,6,75,68.46676789,16644.74945,44.34,Chain Pickerel
7826,15,11,623,1,9,16.84936336,6853.415038,20.17,Chain Pickerel
6240,23,44,476,8,12,28.26987384,20944.74979,37.394,Chain Pickerel
1341,17,17,512,5,8,32.90190152,8704.447667,26.726,Chain Pickerel
6100,19,24,615,1,3,37.86639794,14760.81908,25.282,Chain Pickerel
7873,27,83,525,1,45,89.70560442,43575.01119,35.506,Chain Pickerel
8531,16,14,130,4,8,18.48707634,1820.865065,24.448,Chain Pickerel
5070,19,24,187,8,4,27.2429298,4488.74791,32.282,Chain Pickerel
3847,21,33,228,5,6,50.90069975,7524.703563,31.838,Chain Pickerel
3421,19,24,435,3,1,36.37623947,10440.78002,27.282,Chain Pickerel
2602,22,38,165,3,5,32.43915527,6270.995569,31.116,Chain Pickerel
3333,21,33,395,1,5,52.04293317,13035.12713,27.838,Chain Pickerel
6100,15,11,308,8,15,19.38013674,3388.412464,27.17,Chain Pickerel
3015,24,51,232,5,22,55.0044962,11832.25526,35.672,Chain Pickerel
7003,30,114,644,5,76,61.96626912,73416.04627,43.34,Chain Pickerel
5973,20,28,457,3,1,41.19425831,12796.08833,28.56,Chain Pickerel
8215,27,83,712,7,47,39.43424587,59096.48707,41.506,Chain Pickerel
6688,16,14,494,7,7,21.15450129,6916.986403,27.448,Chain Pickerel
3820,25,58,44,5,23,33.71733201,2552.656776,36.95,Chain Pickerel
1706,24,51,289,7,16,24.64134937,14739.19393,37.672,Chain Pickerel
8720,27,83,743,7,51,69.32189882,61669.87695,41.506,Chain Pickerel
3395,17,17,550,3,10,27.44542006,9350.14191,24.726,Chain Pickerel
8367,29,103,158,1,64,36.26711856,16274.26126,38.062,Chain Pickerel
5456,20,28,379,1,3,35.18134781,10612.16696,26.56,Chain Pickerel
4348,18,20,211,6,6,21.1985572,4220.020162,29.004,Chain Pickerel
4296,26,65,504,1,29,43.67857221,32760.05175,34.228,Chain Pickerel
7026,23,44,587,4,15,57.20047461,25828.02471,33.394,Chain Pickerel
9195,24,51,9,5,22,25.65871784,459.8496724,35.672,Chain Pickerel
6605,22,38,693,1,8,54.65115,26334.14386,29.116,Chain Pickerel
7637,26,65,457,3,34,89.96186543,29705.05464,36.228,Chain Pickerel
5054,26,65,402,7,33,89.9668585,26130.30831,40.228,Chain Pickerel
9319,29,103,406,8,66,50.854124,41818.66429,45.062,Chain Pickerel
2946,27,83,245,2,47,71.38469847,20335.96228,36.506,Chain Pickerel
4300,24,51,225,4,16,29.42903244,11475.67479,34.672,Chain Pickerel
1744,15,11,537,5,12,19.90818648,5907.55325,24.17,Chain Pickerel
4176,27,83,599,4,51,86.02449595,49717.65548,38.506,Chain Pickerel
6033,22,38,716,3,6,58.46024169,27208.43122,31.116,Chain Pickerel
7543,15,11,550,8,14,21.28884653,6050.438517,27.17,Chain Pickerel
6140,21,33,67,8,6,50.39950011,2211.887913,34.838,Chain Pickerel
9588,30,114,106,6,78,120.1156585,12084.97179,44.34,Chain Pickerel
1728,18,20,469,2,3,27.07796338,9380.350671,25.004,Chain Pickerel
7103,26,65,231,7,33,60.85439667,15015.60428,40.228,Chain Pickerel
5343,15,11,279,3,13,23.94621891,3069.491066,22.17,Chain Pickerel
5945,22,38,593,6,6,51.42641626,22534.59482,34.116,Chain Pickerel
6962,31,126,12,2,84,91.58214147,1512.010376,41.618,Chain Pickerel
9068,21,33,726,2,7,35.44299724,23958.03985,28.838,Chain Pickerel
1163,15,11,619,4,9,18.86619264,6809.939374,23.17,Chain Pickerel
7612,25,58,688,1,27,63.24405462,39904.04234,32.95,Chain Pickerel
7346,29,103,62,1,67,125.7299186,6386.138934,38.062,Chain Pickerel
3720,21,33,547,6,5,41.35783146,18051.44873,32.838,Chain Pickerel
4540,28,92,614,1,56,77.36331841,56488.82624,36.784,Chain Pickerel
3640,16,14,93,5,9,28.32957014,1302.687126,25.448,Chain Pickerel
5554,18,20,520,8,4,36.72426676,10400.49535,31.004,Chain Pickerel
2585,31,126,498,5,89,72.20736371,62748.3042,44.618,Chain Pickerel
1803,19,24,669,6,4,25.54700988,16056.24933,30.282,Chain Pickerel
3657,21,33,703,8,7,47.5779006,23199.19002,34.838,Chain Pickerel
2760,30,114,83,5,73,60.61162963,9462.47212,43.34,Chain Pickerel
8348,18,20,57,3,9,32.15571707,1140.669926,26.004,Chain Pickerel
3990,19,24,542,2,2,27.14871462,13008.71631,26.282,Chain Pickerel
3800,24,51,303,1,19,73.13496816,15453.25969,31.672,Chain Pickerel
8835,16,14,380,6,8,19.633803,5320.561694,26.448,Chain Pickerel
1612,23,44,467,2,11,39.65417551,20548.63517,31.394,Chain Pickerel
5594,15,11,37,4,11,16.70446961,407.553241,23.17,Chain Pickerel
2133,24,51,712,8,16,66.7444893,36312.73296,38.672,Chain Pickerel
7076,28,92,74,1,55,110.7832276,6808.691798,36.784,Chain Pickerel
3479,21,33,116,1,5,28.13685276,3828.89384,27.838,Chain Pickerel
9160,28,92,117,1,58,50.28115235,10764.22179,36.784,Chain Pickerel
1936,25,58,164,7,22,27.12353014,9512.087968,38.95,Chain Pickerel
1865,16,14,134,1,11,23.48440708,1876.299901,21.448,Chain Pickerel
7632,31,126,633,7,84,112.6123892,79758.32748,46.618,Chain Pickerel
3708,16,14,262,5,8,29.27837013,3668.455376,25.448,Chain Pickerel
7687,22,38,406,7,10,39.41372416,15428.00933,35.116,Chain Pickerel
3352,19,24,214,3,1,32.65529972,5136.933743,27.282,Chain Pickerel
2490,20,28,11,6,3,43.52874199,308.4737581,31.56,Chain Pickerel
7970,17,17,614,6,9,21.76437297,10438.36419,27.726,Chain Pickerel
4475,27,83,283,8,45,38.81453868,23489.87225,42.506,Chain Pickerel
8350,29,103,397,3,64,67.27833509,40891.84951,40.062,Chain Pickerel
4270,20,28,487,3,1,43.01937126,13636.76308,28.56,Chain Pickerel
8036,18,20,214,8,6,30.79338843,4280.192344,31.004,Chain Pickerel
6603,24,51,576,2,21,43.0844526,29376.74696,32.672,Chain Pickerel
1204,25,58,661,4,27,47.51543364,38338.27486,35.95,Chain Pickerel
8032,26,65,92,4,28,47.08942158,5980.839176,37.228,Chain Pickerel
6571,15,11,734,3,9,15.28271778,8074.277607,22.17,Chain Pickerel
1305,28,92,204,4,53,50.08892821,18768.87178,39.784,Chain Pickerel
4095,29,103,104,8,66,90.59155538,10712.05781,45.062,Chain Pickerel
1918,25,58,537,7,24,25.39567263,31146.34055,38.95,Chain Pickerel
9356,15,11,61,6,11,18.67053519,671.2367042,25.17,Chain Pickerel
3268,22,38,660,5,5,53.74179374,25080.4211,33.116,Chain Pickerel
8110,20,28,591,1,2,44.36684171,16548.75558,26.56,Chain Pickerel
6355,15,11,730,6,10,25.38168402,8030.511983,25.17,Chain Pickerel
7356,29,103,612,8,64,63.15264281,63036.50069,45.062,Chain Pickerel
5151,20,28,169,3,2,40.53251341,4732.980539,28.56,Chain Pickerel
2951,27,83,193,4,48,41.46649192,16019.64309,38.506,Chain Pickerel
9494,29,103,389,7,65,83.25189006,40067.18778,44.062,Chain Pickerel
5667,23,44,61,5,16,57.40952445,2684.610518,34.394,Chain Pickerel
4898,30,114,73,4,78,118.7521019,8322.348874,42.34,Chain Pickerel
8933,20,28,706,7,1,42.98349858,19768.01571,32.56,Chain Pickerel
4391,23,44,126,6,13,49.76739969,5544.035957,35.394,Chain Pickerel
9545,21,33,131,7,6,38.00090448,4323.536711,33.838,Chain Pickerel
9390,17,17,399,7,9,27.40469541,6783.039997,28.726,Chain Pickerel
3784,17,17,482,4,10,31.70135667,8194.39174,25.726,Chain Pickerel
5863,22,38,339,2,7,59.6329517,12882.83414,30.116,Chain Pickerel
9067,25,58,239,4,22,74.77900884,13862.23526,35.95,Chain Pickerel
3859,26,65,269,6,31,32.59816615,17485.91228,39.228,Chain Pickerel
2151,25,58,520,1,26,26.74502089,30160.76618,32.95,Chain Pickerel
8854,16,14,187,2,12,23.21380163,2618.390708,22.448,Chain Pickerel
2078,22,38,659,7,10,39.4401711,25042.32161,35.116,Chain Pickerel
4627,30,114,445,7,78,124.9803192,50730.53236,45.34,Chain Pickerel
8090,15,11,194,3,12,25.10334437,2134.819105,22.17,Chain Pickerel
3127,19,24,32,2,4,38.90648076,768.7554343,26.282,Chain Pickerel
9439,28,92,249,5,54,51.24064696,22908.71164,40.784,Chain Pickerel
3951,16,14,553,6,12,16.57824279,7742.43555,26.448,Chain Pickerel
9291,17,17,738,1,5,29.15828048,12546.3145,22.726,Chain Pickerel
2723,26,65,689,5,30,50.51879874,44785.08137,38.228,Chain Pickerel
7076,28,92,625,5,55,69.35520263,57500.05516,40.784,Chain Pickerel
9337,19,24,362,2,4,20.77832086,8688.285049,26.282,Chain Pickerel
6439,31,126,445,4,90,137.8488599,56070.71209,43.618,Chain Pickerel
3953,23,44,537,4,10,33.80748768,23628.53592,33.394,Chain Pickerel
9821,25,58,75,7,24,65.62730824,4350.216344,38.95,Chain Pickerel
3456,18,20,640,3,8,23.47830334,12800.83434,26.004,Chain Pickerel
4909,29,103,96,1,65,123.0136953,9888.460051,38.062,Chain Pickerel
1117,29,103,62,6,67,120.9332539,6386.665702,43.062,Chain Pickerel
3843,23,44,429,6,11,57.28582285,18876.8813,35.394,Chain Pickerel
7380,29,103,513,8,68,89.3139965,52839.89575,45.062,Chain Pickerel
4939,17,17,651,8,11,31.66180181,11067.55839,29.726,Chain Pickerel
2048,18,20,578,1,9,34.82710178,11560.36347,24.004,Chain Pickerel
8992,17,17,450,5,5,19.0321327,7650.414433,26.726,Chain Pickerel
7008,16,14,206,8,11,16.32236918,2884.460762,28.448,Chain Pickerel
5914,29,103,147,8,63,51.62891278,15141.42596,45.062,Chain Pickerel
5355,28,92,351,1,59,36.00236092,32292.33814,36.784,Chain Pickerel
6565,17,17,659,3,9,33.1386403,11203.30419,24.726,Chain Pickerel
7985,29,103,148,2,69,76.13563689,15244.00725,39.062,Chain Pickerel
2700,20,28,244,4,2,39.81874978,6832.823241,29.56,Chain Pickerel
5122,15,11,733,8,13,25.66168177,8063.651309,27.17,Chain Pickerel
8208,15,11,317,6,11,25.97620262,3487.2803,25.17,Chain Pickerel
7899,28,92,149,1,53,71.14863198,13708.6636,36.784,Chain Pickerel
4696,27,83,707,5,50,41.68606557,58681.51466,39.506,Chain Pickerel
9383,28,92,600,6,54,118.793069,55200.15363,41.784,Chain Pickerel
1723,25,58,636,2,24,77.47705162,36888.0216,33.95,Chain Pickerel
3168,24,51,733,6,17,64.46904802,37383.90388,36.672,Chain Pickerel
8829,26,65,616,6,31,77.31150946,40040.69693,39.228,Chain Pickerel
6267,19,24,579,6,1,39.4075741,13896.58947,30.282,Chain Pickerel
7175,31,126,377,5,90,107.1739287,47502.01945,44.618,Chain Pickerel
7335,18,20,545,5,8,19.16770569,10900.44419,28.004,Chain Pickerel
6568,18,20,575,4,9,33.82389619,11500.09749,27.004,Chain Pickerel
1736,17,17,636,7,9,21.97595281,10812.4803,28.726,Chain Pickerel
3517,28,92,322,1,54,86.34013362,29624.34745,36.784,Chain Pickerel
3539,23,44,598,8,16,25.5784269,26312.00776,37.394,Chain Pickerel
9232,22,38,232,8,7,37.97229448,8816.599242,36.116,Chain Pickerel
5196,25,58,554,2,24,67.57645691,32132.64059,33.95,Chain Pickerel
4775,22,38,475,3,5,55.1189581,18050.27981,31.116,Chain Pickerel
1821,16,14,83,3,8,25.00515657,1162.921932,23.448,Chain Pickerel
5502,17,17,139,7,7,32.03309959,2363.08215,28.726,Chain Pickerel
7272,19,24,135,6,0,27.39211995,3240.257035,30.282,Chain Pickerel
5207,23,44,621,2,13,24.67491278,27324.00029,31.394,Chain Pickerel
3941,18,20,431,3,4,24.72299637,8620.438937,26.004,Chain Pickerel
8562,20,28,24,4,2,43.14708205,672.0219572,29.56,Chain Pickerel
7575,25,58,511,1,24,32.01591349,29638.85188,32.95,Chain Pickerel
2032,24,51,625,4,18,48.26475655,31875.97883,34.672,Chain Pickerel
2942,18,20,610,3,6,35.19178552,12200.34038,26.004,Chain Pickerel
3812,17,17,42,1,9,30.7072348,714.8332234,22.726,Chain Pickerel
9025,29,103,89,1,68,101.2506496,9167.839538,38.062,Chain Pickerel
5702,30,114,311,3,77,89.85473888,35454.5752,41.34,Chain Pickerel
1037,31,126,190,2,87,85.19902172,23940.6972,41.618,Chain Pickerel
1458,23,44,178,8,10,42.75252204,7832.316577,37.394,Chain Pickerel
9632,19,24,744,5,1,25.7324625,17856.50551,29.282,Chain Pickerel
9726,25,58,720,2,28,60.9826895,41760.21761,33.95,Chain Pickerel
7039,25,58,392,4,24,77.41364087,22736.3822,35.95,Chain Pickerel
1492,30,114,248,6,73,65.68085303,28272.16733,44.34,Chain Pickerel
5202,18,20,246,3,5,33.15615169,4920.13443,26.004,Chain Pickerel
6450,31,126,434,7,85,45.48750716,54684.49291,46.618,Chain Pickerel
5510,23,44,519,5,13,57.36960524,22836.75682,34.394,Chain Pickerel
6794,15,11,592,4,9,25.8561818,6512.186216,23.17,Chain Pickerel
5978,28,92,619,4,57,101.6384515,56948.54009,39.784,Chain Pickerel
4004,29,103,463,3,64,110.6710496,47689.26284,40.062,Chain Pickerel
9983,27,83,254,1,45,67.42238282,21082.00054,35.506,Chain Pickerel
6197,23,44,20,8,12,45.18683503,880.4046811,37.394,Chain Pickerel
8783,28,92,490,1,59,57.78913917,45080.55204,36.784,Chain Pickerel
2291,27,83,455,7,47,82.0754854,37765.34499,41.506,Chain Pickerel
2705,21,33,413,6,6,39.99598911,13629.11139,32.838,Chain Pickerel
7310,25,58,747,5,26,74.01817478,43326.91152,36.95,Chain Pickerel
2673,27,83,188,5,51,91.82467959,15604.13231,39.506,Chain Pickerel
3732,20,28,542,4,3,33.34137964,15176.75463,29.56,Chain Pickerel
2594,30,114,702,5,77,133.1928415,80028.39788,43.34,Chain Pickerel
1045,16,14,713,2,7,28.54029262,9982.489425,22.448,Chain Pickerel
4237,18,20,111,1,3,21.60853869,2220.675782,24.004,Chain Pickerel
8397,31,126,571,1,86,51.10060657,71946.261,40.618,Chain Pickerel
3116,16,14,460,8,12,27.36854901,6440.77843,28.448,Chain Pickerel
3358,27,83,326,7,50,96.16125471,27058.0365,41.506,Chain Pickerel
6004,29,103,315,4,66,70.5952175,32445.34114,41.062,Chain Pickerel
4757,30,114,352,5,74,62.48205838,40128.3242,43.34,Chain Pickerel
8820,28,92,747,1,59,84.30412322,68724.88643,36.784,Chain Pickerel
3935,27,83,510,2,51,76.28266881,42330.83377,36.506,Chain Pickerel
2409,30,114,367,4,76,121.9503243,41838.84017,42.34,Chain Pickerel
4309,23,44,389,5,13,34.09982855,17116.11123,34.394,Chain Pickerel
7617,25,58,390,7,24,63.14034143,22620.19973,38.95,Chain Pickerel
6754,25,58,338,1,24,77.04628761,19604.08635,32.95,Chain Pickerel
5803,20,28,184,1,1,21.04968827,5152.930722,26.56,Chain Pickerel
1817,20,28,43,7,1,36.49546783,1204.000278,32.56,Chain Pickerel
7287,19,24,678,7,6,32.5866836,16272.89995,31.282,Chain Pickerel
6193,16,14,120,2,13,26.54492849,1680.585574,22.448,Chain Pickerel
5078,15,11,308,2,10,21.88852571,3388.03264,21.17,Chain Pickerel
3491,23,44,595,6,13,58.40983917,26180.88134,35.394,Chain Pickerel
1306,18,20,470,2,8,24.20246032,9400.44471,25.004,Chain Pickerel
6111,29,103,694,6,64,58.65969214,71482.7708,43.062,Chain Pickerel
9991,27,83,64,8,46,68.35836717,5312.369699,42.506,Chain Pickerel
5545,30,114,745,2,79,35.73584735,84930.63707,40.34,Chain Pickerel
5146,18,20,170,3,9,30.15340131,3400.131872,26.004,Chain Pickerel
1592,17,17,749,6,9,20.15613677,12733.14775,27.726,Chain Pickerel
4810,17,17,199,1,11,19.06678903,3383.87111,22.726,Chain Pickerel
5315,31,126,347,2,87,128.0006712,43722.16954,41.618,Chain Pickerel
7019,22,38,648,4,5,43.76735908,24624.82981,32.116,Chain Pickerel
2767,21,33,206,2,2,39.96990055,6798.096352,28.838,Chain Pickerel
4137,19,24,14,4,6,31.02884079,336.3008604,28.282,Chain Pickerel
9261,22,38,73,2,11,40.26784337,2774.080919,30.116,Chain Pickerel
7590,15,11,168,2,9,25.74518036,1848.200902,21.17,Chain Pickerel
4617,27,83,698,2,46,77.36272456,57934.70905,36.506,Chain Pickerel
2945,30,114,345,2,76,89.8105242,39330.01697,40.34,Chain Pickerel
4470,17,17,83,3,9,27.21260042,1411.37316,24.726,Chain Pickerel
1348,30,114,535,8,77,106.1028753,60990.26819,46.34,Chain Pickerel
4416,21,33,295,5,5,48.76220378,9735.403048,31.838,Chain Pickerel
6064,26,65,306,4,32,89.66816533,19890.4107,37.228,Chain Pickerel
8086,21,33,250,2,3,34.60751427,8250.906279,28.838,Chain Pickerel
5231,27,83,640,2,48,62.17141787,53120.03133,36.506,Chain Pickerel
5668,20,28,712,3,2,45.22362068,19936.64474,28.56,Chain Pickerel
7720,31,126,454,5,86,94.92860755,57204.27976,44.618,Chain Pickerel
3821,20,28,275,1,3,28.96832797,7700.521563,26.56,Chain Pickerel
6564,21,33,237,8,5,48.12398398,7821.15727,34.838,Chain Pickerel
6055,30,114,438,2,73,86.97295501,49932.54806,40.34,Chain Pickerel
4492,28,92,520,8,53,59.25642546,47840.44512,43.784,Chain Pickerel
5961,19,24,410,1,6,20.23192161,9840.382207,25.282,Chain Pickerel
1180,15,11,617,3,9,21.05873276,6787.539825,22.17,Chain Pickerel
1804,30,114,609,4,75,48.88964306,69426.09009,42.34,Chain Pickerel
7440,16,14,518,8,9,29.29906377,7252.608073,28.448,Chain Pickerel
2544,18,20,457,1,9,23.50875344,9140.813636,24.004,Chain Pickerel
6547,17,17,229,3,9,32.48783739,3893.840093,24.726,Chain Pickerel
7503,27,83,732,8,47,51.83975535,60756.92941,42.506,Chain Pickerel
9876,30,114,673,2,75,42.49067794,76722.89056,40.34,Chain Pickerel
6527,29,103,556,2,68,88.63704284,57268.32591,39.062,Chain Pickerel
3034,17,17,508,3,6,22.8873411,8636.171805,24.726,Chain Pickerel
3109,29,103,503,2,64,89.46192268,51809.02148,39.062,Chain Pickerel
8722,25,58,170,7,26,57.17082581,9860.952089,38.95,Chain Pickerel
8267,21,33,449,4,7,39.68168659,14817.88733,30.838,Chain Pickerel
4875,24,51,505,3,19,34.56372279,25755.4493,33.672,Chain Pickerel
2357,17,17,222,7,5,28.73494647,3774.923984,28.726,Chain Pickerel
4487,30,114,260,1,76,45.46791718,29640.30991,39.34,Chain Pickerel
4163,20,28,99,6,2,41.45602143,2772.729841,31.56,Chain Pickerel
3256,24,51,650,7,17,42.60598034,33150.72822,37.672,Chain Pickerel
9267,29,103,674,1,65,66.8126945,69422.62524,38.062,Chain Pickerel
9346,27,83,572,4,48,37.52258341,47476.9659,38.506,Chain Pickerel
4823,29,103,672,6,66,64.99661047,69216.5467,43.062,Chain Pickerel
4678,24,51,754,5,22,37.87812974,38454.71175,35.672,Chain Pickerel
5865,30,114,549,1,78,131.9537793,62586.77622,39.34,Chain Pickerel
3692,20,28,701,3,2,40.0204029,19628.93952,28.56,Chain Pickerel
6536,19,24,323,5,2,21.24596734,7752.901137,29.282,Chain Pickerel
5029,27,83,587,3,51,86.12480957,48721.6024,37.506,Chain Pickerel
1529,22,38,553,7,7,36.35148032,21014.21071,35.116,Chain Pickerel
6527,18,20,698,4,8,21.66759982,13960.893,27.004,Chain Pickerel
6110,23,44,115,7,13,63.42155683,5060.628324,36.394,Chain Pickerel
6733,27,83,532,2,46,28.16250103,44156.53499,36.506,Chain Pickerel
1455,18,20,134,6,3,25.82642301,2680.078507,29.004,Chain Pickerel
1636,27,83,251,5,46,71.04121743,20833.5864,39.506,Chain Pickerel
9745,23,44,420,2,10,42.3377723,18480.14073,31.394,Chain Pickerel
9200,17,17,450,6,10,30.39175436,7650.49478,27.726,Chain Pickerel
2720,26,65,300,1,30,26.37102552,19500.82956,34.228,Chain Pickerel
6181,30,114,292,5,75,67.60566874,33288.21493,43.34,Chain Pickerel
5326,26,65,140,3,30,77.00325391,9100.98964,36.228,Chain Pickerel
9575,18,20,68,1,8,26.17742093,1360.451552,24.004,Chain Pickerel
9983,24,51,247,8,20,37.13130586,12597.70963,38.672,Chain Pickerel
3268,23,44,539,1,13,41.09481869,23716.75103,30.394,Chain Pickerel
5795,26,65,483,6,29,45.80445931,31395.15629,39.228,Chain Pickerel
9877,22,38,259,3,9,52.56835257,9842.23784,31.116,Chain Pickerel
6841,30,114,99,3,74,78.62771596,11286.21093,41.34,Chain Pickerel
1602,26,65,496,8,33,74.92505411,32240.59074,41.228,Chain Pickerel
8087,28,92,540,6,54,60.8319777,49680.18432,41.784,Chain Pickerel
8867,16,14,723,5,10,16.96327196,10122.46269,25.448,Chain Pickerel
8268,22,38,139,4,7,30.37193917,5282.977273,32.116,Chain Pickerel
3622,20,28,173,5,2,28.02578456,4844.959231,30.56,Chain Pickerel
4129,20,28,580,4,2,24.150891,16240.15529,29.56,Chain Pickerel
4120,22,38,460,3,8,28.99687039,17480.22348,31.116,Chain Pickerel
2859,18,20,736,5,4,25.25278579,14720.7563,28.004,Chain Pickerel
3519,30,114,451,6,76,97.95785445,51414.52064,44.34,Chain Pickerel
7317,22,38,275,5,6,31.47004241,10450.79328,33.116,Chain Pickerel
6564,24,51,139,6,20,58.75753315,7089.805903,36.672,Chain Pickerel
2003,28,92,140,5,58,33.93886099,12880.90061,40.784,Chain Pickerel
9632,25,58,81,7,27,50.44131084,4698.406513,38.95,Chain Pickerel
8000,15,11,712,3,12,16.56040082,7832.092559,22.17,Chain Pickerel
7787,15,11,468,7,11,22.89038891,5148.711683,26.17,Chain Pickerel
3572,15,11,590,6,13,17.81560586,6490.008486,25.17,Chain Pickerel
1237,27,83,476,5,51,61.49489859,39508.06727,39.506,Chain Pickerel
9821,24,51,288,5,20,40.25444908,14688.80673,35.672,Chain Pickerel
2577,16,14,388,2,10,26.41441625,5432.726673,22.448,Chain Pickerel
7770,21,33,584,7,5,48.09520848,19272.23478,33.838,Chain Pickerel
2905,19,24,304,3,1,36.82531454,7296.567403,27.282,Chain Pickerel
7716,21,33,308,8,1,27.72288117,10164.04703,34.838,Chain Pickerel
3834,16,14,324,3,7,19.35804664,4536.895491,23.448,Chain Pickerel
2832,26,65,433,5,34,37.41458425,28145.34554,38.228,Chain Pickerel
9194,20,28,619,4,3,30.30213598,17332.08385,29.56,Chain Pickerel
5169,26,65,55,3,34,61.08719143,3575.51292,36.228,Chain Pickerel
1990,25,58,250,1,22,69.6634072,14500.42645,32.95,Chain Pickerel
6073,18,20,93,5,9,35.14175058,1860.433479,28.004,Chain Pickerel
4699,24,51,385,7,16,58.9150133,19635.90147,37.672,Chain Pickerel
7799,27,83,687,2,50,83.00165903,57021.24248,36.506,Chain Pickerel
9276,28,92,412,3,56,66.1451096,37904.46677,38.784,Chain Pickerel
1107,19,24,648,6,6,26.68376552,15552.62959,30.282,Chain Pickerel
6522,21,33,116,4,1,51.9506124,3828.226908,30.838,Chain Pickerel
8788,28,92,457,5,53,57.08938677,42044.95021,40.784,Chain Pickerel
6954,27,83,502,1,47,76.37201496,41666.30268,35.506,Chain Pickerel
6654,16,14,593,3,13,25.39474092,8302.911636,23.448,Chain Pickerel
4457,17,17,11,3,8,24.43308226,187.559367,24.726,Chain Pickerel
2883,24,51,42,2,16,65.06717289,2142.568714,32.672,Chain Pickerel
4563,26,65,379,5,33,49.78300616,24635.02916,38.228,Chain Pickerel
9895,23,44,161,2,16,41.27517415,7084.722091,31.394,Chain Pickerel
3491,26,65,491,7,29,47.84813303,31915.51726,40.228,Chain Pickerel
9283,18,20,142,1,5,23.9140379,2840.181347,24.004,Chain Pickerel
4044,19,24,90,3,5,19.69462786,2160.447375,27.282,Chain Pickerel
8979,29,103,642,3,68,65.79463276,66126.87089,40.062,Chain Pickerel
5422,27,83,290,3,50,108.4161863,24070.97114,37.506,Chain Pickerel
3921,18,20,341,1,6,25.99170313,6820.185581,24.004,Chain Pickerel
9153,22,38,574,4,9,30.42707988,21812.3497,32.116,Chain Pickerel
6696,18,20,730,5,3,18.17578043,14600.85167,28.004,Chain Pickerel
2354,16,14,470,3,7,25.30368753,6580.783464,23.448,Chain Pickerel
1508,20,28,311,3,1,24.39635474,8708.607446,28.56,Chain Pickerel
3562,20,28,522,4,0,27.37093367,14616.8256,29.56,Chain Pickerel
4278,23,44,680,3,10,30.94265768,29920.78023,32.394,Chain Pickerel
7875,17,17,530,7,7,23.75376718,9010.968923,28.726,Chain Pickerel
5038,29,103,472,5,69,97.33456712,48616.0973,42.062,Chain Pickerel
3378,27,83,168,4,49,48.98957707,13944.03083,38.506,Chain Pickerel
7564,23,44,432,6,12,39.13676648,19008.68873,35.394,Chain Pickerel
7380,17,17,166,4,9,30.84822258,2822.744146,25.726,Chain Pickerel
6803,21,33,216,6,4,35.84271387,7128.652395,32.838,Chain Pickerel
4185,26,65,129,3,29,51.93556023,8385.626307,36.228,Chain Pickerel
9561,25,58,656,5,23,66.30116216,38048.77584,36.95,Chain Pickerel
5830,28,92,605,8,58,31.19545153,55660.2193,43.784,Chain Pickerel
5471,22,38,524,2,5,42.32957989,19912.01989,30.116,Chain Pickerel
7158,19,24,588,2,0,36.44990778,14112.96789,26.282,Chain Pickerel
7495,26,65,740,6,33,38.58834598,48100.8998,39.228,Chain Pickerel
1953,27,83,245,4,51,34.78726577,20335.56568,38.506,Chain Pickerel
5980,23,44,513,1,16,26.55607415,22572.37329,30.394,Chain Pickerel
7621,18,20,326,5,3,25.5282202,6520.036415,28.004,Chain Pickerel
8046,31,126,300,3,85,109.0018184,37800.36405,42.618,Chain Pickerel
5495,19,24,113,5,2,20.58740109,2712.645638,29.282,Chain Pickerel
1165,31,126,706,5,88,126.7758767,88956.01658,44.618,Chain Pickerel
9505,19,24,256,4,3,23.30145579,6144.916217,28.282,Chain Pickerel
7063,18,20,299,3,3,24.76877344,5980.329025,26.004,Chain Pickerel
2529,29,103,117,5,67,40.37956785,12051.78288,42.062,Chain Pickerel
3336,19,24,369,1,4,21.87156896,8856.338161,25.282,Chain Pickerel
6776,27,83,413,2,47,28.56779808,34279.85194,36.506,Chain Pickerel
7489,16,14,747,1,7,19.85639326,10458.28729,21.448,Chain Pickerel
9621,17,17,449,4,7,19.670586,7633.641752,25.726,Chain Pickerel
8714,28,92,746,1,54,61.61990125,68632.09923,36.784,Chain Pickerel
3075,31,126,240,5,87,53.7714829,30240.78322,44.618,Chain Pickerel
4994,15,11,300,2,15,15.69488054,3300.672886,21.17,Chain Pickerel
1180,17,17,731,3,7,22.37254914,12427.82721,24.726,Chain Pickerel
8550,19,24,177,2,4,21.74619851,4248.672489,26.282,Chain Pickerel
9826,30,114,711,8,76,135.7428013,81054.59327,46.34,Chain Pickerel
4882,20,28,388,4,1,32.27829444,10864.17377,29.56,Chain Pickerel
6684,18,20,326,7,3,27.21137137,6520.535268,30.004,Chain Pickerel
8656,25,58,572,1,22,64.41773653,33176.53837,32.95,Chain Pickerel
2529,29,103,166,6,63,117.1638545,17098.55544,43.062,Chain Pickerel
9600,15,11,624,8,13,21.42378923,6864.455137,27.17,Chain Pickerel
6080,26,65,579,4,28,36.64910036,37635.34062,37.228,Chain Pickerel
9240,16,14,442,6,7,25.55174737,6188.899845,26.448,Chain Pickerel
5905,24,51,716,3,22,69.5445062,36516.46305,33.672,Chain Pickerel
3814,24,51,226,3,17,43.78894236,11526.00329,33.672,Chain Pickerel
2307,27,83,133,3,51,96.05468156,11039.59513,37.506,Chain Pickerel
8344,27,83,222,2,49,71.30479757,18426.63711,36.506,Chain Pickerel
9271,17,17,597,7,8,26.99559836,10149.52513,28.726,Chain Pickerel
2080,29,103,434,2,69,60.45289113,44702.44986,39.062,Chain Pickerel
7355,19,24,566,4,0,31.88345268,13584.08937,28.282,Chain Pickerel
3158,23,44,414,3,12,48.28824588,18216.11118,32.394,Chain Pickerel
5280,21,33,623,3,6,27.93046014,20559.00556,29.838,Chain Pickerel
1820,31,126,165,6,85,122.125161,20790.36146,45.618,Chain Pickerel
7393,19,24,257,6,0,20.33237878,6168.909109,30.282,Chain Pickerel
2980,26,65,133,3,29,32.30451209,8645.255825,36.228,Chain Pickerel
5165,23,44,189,1,10,53.85192169,8316.413253,30.394,Chain Pickerel
8098,22,38,426,5,6,49.04211445,16188.32933,33.116,Chain Pickerel
3472,30,114,496,4,76,103.5636254,56544.43437,42.34,Chain Pickerel
2985,22,38,361,4,7,57.74657599,13718.51853,32.116,Chain Pickerel
2798,15,11,232,7,10,24.14294655,2552.957497,26.17,Chain Pickerel
6709,31,126,617,2,86,76.43276408,77742.39603,41.618,Chain Pickerel
5470,20,28,86,1,3,43.71071419,2408.80716,26.56,Chain Pickerel
3033,25,58,483,1,24,54.64459233,28014.20929,32.95,Chain Pickerel
2552,23,44,439,2,10,63.90972197,19316.22732,31.394,Chain Pickerel
2197,18,20,689,2,8,21.22573298,13780.37574,25.004,Chain Pickerel
5438,23,44,54,1,14,43.84407273,2376.236404,30.394,Chain Pickerel
5522,26,65,366,8,33,77.07332491,23790.53289,41.228,Chain Pickerel
2405,20,28,170,4,3,33.82743696,4760.059175,29.56,Chain Pickerel
8485,24,51,425,8,17,74.14954864,21675.37958,38.672,Chain Pickerel
3277,30,114,68,4,77,141.9230572,7752.142426,42.34,Chain Pickerel
2799,20,28,466,2,2,34.56656403,13048.68141,27.56,Chain Pickerel
2660,18,20,626,1,7,24.39270818,12520.06299,24.004,Chain Pickerel
6085,23,44,438,5,14,26.9906496,19272.66265,34.394,Chain Pickerel
6058,30,114,434,3,77,79.33121831,49476.04225,41.34,Chain Pickerel
3937,26,65,710,3,30,90.4166296,46150.35407,36.228,Chain Pickerel
2873,29,103,408,7,68,50.61015456,42024.82767,44.062,Chain Pickerel
6115,25,58,337,5,22,54.83419318,19546.80734,36.95,Chain Pickerel
2331,21,33,682,8,4,51.45140758,22506.73331,34.838,Chain Pickerel
7724,20,28,42,1,0,33.81101246,1176.554062,26.56,Chain Pickerel
4565,16,14,490,3,13,29.82883949,6860.483336,23.448,Chain Pickerel
9352,27,83,444,7,49,60.7905105,36852.56924,41.506,Chain Pickerel
1382,17,17,549,3,5,25.13857757,9333.99311,24.726,Chain Pickerel
6811,15,11,116,8,9,18.00166636,1276.592357,27.17,Chain Pickerel
6840,30,114,269,2,78,89.36042737,30666.26271,40.34,Chain Pickerel
2439,27,83,120,8,50,55.10743699,9960.040222,42.506,Chain Pickerel
2780,15,11,521,5,10,24.0191436,5731.785224,24.17,Chain Pickerel
3138,21,33,121,5,3,50.48289211,3993.816935,31.838,Chain Pickerel
1385,16,14,372,2,12,29.5800359,5208.709212,22.448,Chain Pickerel
8868,26,65,68,3,28,81.7074943,4420.374215,36.228,Chain Pickerel
3406,23,44,642,6,12,63.43699891,28248.27807,35.394,Chain Pickerel
8142,31,126,437,7,87,47.2086248,55062.45814,46.618,Chain Pickerel
7830,29,103,94,6,65,43.93300231,9682.99449,43.062,Chain Pickerel
6344,22,38,651,1,9,43.82626785,24738.75627,29.116,Chain Pickerel
6444,28,92,212,8,57,69.60524097,19504.69592,43.784,Chain Pickerel
6039,19,24,387,6,1,42.36555146,9288.222664,30.282,Chain Pickerel
2788,27,83,76,2,45,63.3591063,6308.523776,36.506,Chain Pickerel
5273,22,38,481,4,11,42.92527639,18278.78879,32.116,Chain Pickerel
5738,24,51,410,2,22,63.53574902,20910.30095,32.672,Chain Pickerel
1111,30,114,70,8,76,123.961724,7980.368826,46.34,Chain Pickerel
7082,15,11,314,4,12,25.17557459,3454.179992,23.17,Chain Pickerel
3492,30,114,166,5,77,125.2075683,18924.83274,43.34,Chain Pickerel
9121,30,114,314,3,75,80.08346253,35796.90654,41.34,Chain Pickerel
9398,26,65,31,7,30,68.96520297,2015.691529,40.228,Chain Pickerel
7261,15,11,207,8,14,17.74766564,2277.668694,27.17,Chain Pickerel
6534,16,14,102,8,8,27.61433489,1428.217125,28.448,Chain Pickerel
4567,29,103,327,6,67,35.14929317,33681.70844,43.062,Chain Pickerel
7983,30,114,175,5,74,57.54366388,19950.58358,43.34,Chain Pickerel
1633,25,58,610,2,27,56.08731404,35380.27113,33.95,Chain Pickerel
5175,18,20,715,5,4,34.42043963,14300.39935,28.004,Chain Pickerel
2716,16,14,243,4,9,20.33632349,3402.50415,24.448,Chain Pickerel
8126,31,126,54,8,85,104.6516223,6804.984788,47.618,Chain Pickerel
7823,20,28,691,4,2,30.42693761,19348.63908,29.56,Chain Pickerel
3495,28,92,358,7,53,69.93274113,32936.62132,42.784,Chain Pickerel
9200,28,92,110,6,56,81.14882552,10120.92873,41.784,Chain Pickerel
4889,29,103,678,4,65,40.92277262,69834.98388,41.062,Chain Pickerel
3176,21,33,55,4,4,44.90083775,1815.229865,30.838,Chain Pickerel
2829,21,33,69,2,1,32.33798165,2277.861932,28.838,Chain Pickerel
6819,30,114,599,4,75,135.0268872,68286.31169,42.34,Chain Pickerel
4056,26,65,548,4,30,83.92560304,35620.23725,37.228,Chain Pickerel
2783,15,11,245,8,15,23.58476399,2695.801598,27.17,Chain Pickerel
3814,20,28,82,8,3,44.48465373,2296.503715,33.56,Chain Pickerel
4641,27,83,329,7,46,33.35448581,27307.03394,41.506,Chain Pickerel
4770,23,44,363,4,12,24.06730678,15972.73532,33.394,Chain Pickerel
1878,31,126,91,3,88,69.98714902,11466.33683,42.618,Chain Pickerel
3302,28,92,67,6,58,56.35531947,6164.060749,41.784,Chain Pickerel
9164,26,65,102,3,29,83.78676919,6630.702337,36.228,Chain Pickerel
9634,27,83,737,2,49,41.34420912,61171.99142,36.506,Chain Pickerel
3920,20,28,492,4,2,29.08064794,13776.43172,29.56,Chain Pickerel
5752,21,33,725,5,6,25.605248,23925.86448,31.838,Chain Pickerel
6383,18,20,248,6,5,18.19817478,4960.697079,29.004,Chain Pickerel
1402,20,28,437,1,1,42.24156489,12236.78087,26.56,Chain Pickerel
1933,21,33,73,7,5,47.85662171,2409.113644,33.838,Chain Pickerel
2776,22,38,379,7,11,52.80996594,14402.63333,35.116,Chain Pickerel
9970,19,24,605,2,6,33.51090475,14520.52368,26.282,Chain Pickerel
6694,19,24,110,3,0,41.91446536,2640.729657,27.282,Chain Pickerel
4285,24,51,72,7,16,65.14988174,3672.402362,37.672,Chain Pickerel
7509,25,58,738,8,22,57.38977167,42804.39562,39.95,Chain Pickerel
7931,24,51,303,3,16,47.78043393,15453.51629,33.672,Chain Pickerel
2093,19,24,402,2,2,28.53062287,9648.912771,26.282,Chain Pickerel
9042,26,65,388,8,33,76.63955062,25220.80154,41.228,Chain Pickerel
5969,17,17,93,7,11,30.01933349,1581.222154,28.726,Chain Pickerel
7424,16,14,577,2,11,20.00048672,8078.214743,22.448,Chain Pickerel
9642,23,44,246,7,11,36.22910095,10824.75086,36.394,Chain Pickerel
2658,20,28,737,7,1,43.31374822,20636.49683,32.56,Chain Pickerel
9563,16,14,75,2,7,22.69376417,1050.168322,22.448,Chain Pickerel
5850,19,24,546,7,4,38.47832822,13104.95387,31.282,Chain Pickerel
8308,24,51,366,7,18,67.19119385,18666.9438,37.672,Chain Pickerel
5649,19,24,207,8,6,40.3361,4968.351071,32.282,Chain Pickerel
2267,30,114,113,3,73,84.64925876,12882.69268,41.34,Chain Pickerel
2382,23,44,92,3,13,41.39075404,4048.609086,32.394,Chain Pickerel
7453,23,44,554,5,15,62.95281527,24376.95605,34.394,Chain Pickerel
1611,27,83,416,7,51,106.1879171,34528.49279,41.506,Chain Pickerel
7536,18,20,316,8,8,21.94467722,6320.620427,31.004,Chain Pickerel
9104,22,38,710,4,10,53.80728621,26980.1018,32.116,Chain Pickerel
5316,20,28,446,2,2,33.74545085,12488.27384,27.56,Chain Pickerel
4774,29,103,730,6,64,127.8191269,75190.05696,43.062,Chain Pickerel
9616,15,11,519,6,11,24.68621173,5709.31064,25.17,Chain Pickerel
3311,26,65,465,7,32,29.87471799,30225.67798,40.228,Chain Pickerel
5084,19,24,157,1,2,26.47149762,3768.30837,25.282,Chain Pickerel
3478,26,65,265,6,33,78.33514911,17225.2846,39.228,Chain Pickerel
3283,30,114,237,7,74,127.6924151,27018.03122,45.34,Chain Pickerel
6239,19,24,48,6,4,38.58388692,1152.879899,30.282,Chain Pickerel
7904,19,24,279,1,4,39.91471571,6696.582538,25.282,Chain Pickerel
1023,16,14,588,7,7,25.85274368,8232.266867,27.448,Chain Pickerel
4341,17,17,404,6,9,21.02639887,6868.826277,27.726,Chain Pickerel
7002,24,51,703,2,17,28.0921203,35853.37475,32.672,Chain Pickerel
6529,15,11,95,4,14,16.32184374,1045.101445,23.17,Chain Pickerel
4010,20,28,556,7,3,47.33934745,15568.49674,32.56,Chain Pickerel
5006,15,11,147,6,11,18.30393596,1617.501779,25.17,Chain Pickerel
9218,22,38,164,1,6,24.88806507,6232.245295,29.116,Chain Pickerel
2389,25,58,409,4,23,81.1600634,23722.09973,35.95,Chain Pickerel
1476,30,114,289,7,75,54.8375972,32946.71981,45.34,Chain Pickerel
1649,23,44,372,4,14,44.24472742,16368.38028,33.394,Chain Pickerel
4648,15,11,429,3,13,17.15644373,4719.431437,22.17,Chain Pickerel
9226,28,92,74,3,58,47.59335034,6808.957362,38.784,Chain Pickerel
8010,24,51,249,8,21,41.24888753,12699.97962,38.672,Chain Pickerel
1514,16,14,219,5,11,29.42853711,3066.5818,25.448,Chain Pickerel
1273,15,11,178,7,10,23.67213165,1958.19367,26.17,Chain Pickerel
2066,27,83,235,7,50,58.05070045,19505.05176,41.506,Chain Pickerel
5007,28,92,63,6,59,90.48861014,5796.723869,41.784,Chain Pickerel
3007,16,14,142,3,12,22.42238623,1988.636145,23.448,Chain Pickerel
4835,23,44,117,7,12,35.06456177,5148.998164,36.394,Chain Pickerel
6923,26,65,79,1,31,50.44234286,5135.096697,34.228,Chain Pickerel
6313,22,38,316,7,7,25.6933774,12008.2806,35.116,Chain Pickerel
4927,16,14,445,5,8,20.86076426,6230.170858,25.448,Chain Pickerel
9568,17,17,417,2,6,20.46369116,7089.110414,23.726,Chain Pickerel
1698,19,24,46,4,5,20.45381763,1104.310705,28.282,Chain Pickerel
4698,26,65,381,4,32,31.61299644,24765.87033,37.228,Chain Pickerel
7392,28,92,510,2,58,102.3056381,46920.80649,37.784,Chain Pickerel
6176,26,65,485,2,28,48.47390213,31525.7774,35.228,Chain Pickerel
9078,30,114,11,1,77,38.41276747,1254.583188,39.34,Chain Pickerel
9188,25,58,414,6,23,47.09485863,24012.22465,37.95,Chain Pickerel
4430,25,58,567,3,24,50.61358335,32886.71958,34.95,Chain Pickerel
8443,25,58,734,4,25,53.60721799,42572.65138,35.95,Chain Pickerel
4170,24,51,244,3,16,36.8428905,12444.16232,33.672,Chain Pickerel
7914,28,92,177,5,55,88.57949145,16284.77647,40.784,Chain Pickerel
2826,19,24,503,7,0,41.71561478,12072.60015,31.282,Chain Pickerel
4618,28,92,282,4,57,85.40857912,25944.47761,39.784,Chain Pickerel
9534,24,51,233,5,16,28.28867051,11883.93668,35.672,Chain Pickerel
2526,23,44,154,5,16,56.35809202,6776.808944,34.394,Chain Pickerel
9410,15,11,258,3,10,20.19368251,2838.839856,22.17,Chain Pickerel
6117,31,126,618,7,89,48.73948389,77868.48847,46.618,Chain Pickerel
7748,22,38,674,3,6,29.4005247,25612.72258,31.116,Chain Pickerel
3742,28,92,704,8,55,107.7651192,64768.32057,43.784,Chain Pickerel
5270,29,103,745,4,63,77.55044454,76735.73423,41.062,Chain Pickerel
8257,23,44,188,1,11,61.29020405,8272.312994,30.394,Chain Pickerel
1018,16,14,700,8,9,29.79109947,9800.427944,28.448,Chain Pickerel
9423,30,114,173,7,73,57.93903747,19722.73723,45.34,Chain Pickerel
8181,15,11,65,6,9,19.5212908,715.9669957,25.17,Chain Pickerel
7859,31,126,708,5,87,73.45497973,89208.73132,44.618,Chain Pickerel
6936,17,17,292,2,8,26.1411932,4964.41416,23.726,Chain Pickerel
3402,24,51,177,8,17,70.75118494,9027.495378,38.672,Chain Pickerel
1305,31,126,161,2,88,50.75455114,20286.73496,41.618,Chain Pickerel
4274,26,65,479,2,31,90.30625026,31135.61761,35.228,Chain Pickerel
2919,19,24,743,3,3,30.19269917,17832.78949,27.282,Chain Pickerel
3345,16,14,346,3,11,26.7275483,4844.282091,23.448,Chain Pickerel
2784,17,17,194,4,6,26.99249775,3298.162643,25.726,Chain Pickerel
7799,21,33,213,2,2,32.89735757,7029.857194,28.838,Chain Pickerel
6449,25,58,569,1,23,79.53465416,33002.31667,32.95,Chain Pickerel
7410,23,44,662,1,16,66.73654278,29128.14411,30.394,Chain Pickerel
2860,19,24,465,4,1,21.42158028,11160.62905,28.282,Chain Pickerel
1026,21,33,551,5,7,21.33713836,18183.05722,31.838,Chain Pickerel
5483,31,126,288,7,85,156.2344262,36288.60859,46.618,Chain Pickerel
9867,15,11,405,7,12,21.92193226,4455.509706,26.17,Chain Pickerel
7396,20,28,573,8,1,37.04775416,16044.5323,33.56,Chain Pickerel
9536,27,83,700,8,45,65.86599332,58100.04402,42.506,Chain Pickerel
5967,24,51,82,4,20,42.68600418,4182.321682,34.672,Chain Pickerel
1396,20,28,518,3,1,35.58899743,14504.41999,28.56,Chain Pickerel
8498,15,11,201,3,10,24.02552313,2211.929084,22.17,Chain Pickerel
3837,16,14,162,6,12,23.34052863,2268.802148,26.448,Chain Pickerel
8232,29,103,687,8,64,74.46035984,70761.05222,45.062,Chain Pickerel
1523,24,51,288,5,17,51.31672569,14688.9722,35.672,Chain Pickerel
9718,21,33,541,8,5,28.8573127,17853.09513,34.838,Chain Pickerel
2939,22,38,300,4,11,50.52229654,11400.25439,32.116,Chain Pickerel
6817,21,33,165,6,4,37.00366237,5445.52388,32.838,Chain Pickerel
3538,19,24,367,5,4,36.24262245,8808.975371,29.282,Chain Pickerel
1544,28,92,108,4,53,74.39690395,9936.519908,39.784,Chain Pickerel
9865,28,92,536,3,58,44.3395856,49312.61171,38.784,Chain Pickerel
1200,22,38,234,4,7,55.97269232,8892.660184,32.116,Chain Pickerel
8484,26,65,550,7,28,42.49407377,35750.3611,40.228,Chain Pickerel
9421,19,24,125,1,4,40.4161555,3000.687661,25.282,Chain Pickerel
8669,16,14,536,2,9,29.5419622,7504.193346,22.448,Chain Pickerel
2267,25,58,71,2,26,79.58263925,4118.743191,33.95,Chain Pickerel
2236,17,17,650,6,9,22.06578512,11050.78748,27.726,Chain Pickerel
4498,24,51,230,7,17,48.65313363,11730.52315,37.672,Chain Pickerel
6450,16,14,494,3,11,25.89471998,6916.331927,23.448,Chain Pickerel
2380,23,44,551,4,15,36.81361284,24244.2043,33.394,Chain Pickerel
6974,22,38,616,3,10,57.27090519,23408.30332,31.116,Chain Pickerel
9851,23,44,477,1,16,23.96590783,20988.64153,30.394,Chain Pickerel
8192,28,92,374,5,53,101.0558159,34408.74976,40.784,Chain Pickerel
1046,23,44,233,7,15,45.7192868,10252.74903,36.394,Chain Pickerel
4889,19,24,741,3,3,28.79040991,17784.54143,27.282,Chain Pickerel
9533,25,58,667,7,22,40.46696874,38686.45256,38.95,Chain Pickerel
2645,18,20,45,1,8,26.87759758,900.7964591,24.004,Chain Pickerel
1500,21,33,134,1,1,29.53739326,4422.490554,27.838,Chain Pickerel
2662,16,14,752,3,7,21.70787073,10528.23762,23.448,Chain Pickerel
6943,23,44,586,2,16,36.59529814,25784.37733,31.394,Chain Pickerel
7701,28,92,616,2,56,80.63903899,56672.88192,37.784,Chain Pickerel
9639,18,20,425,4,5,37.60634777,8500.879067,27.004,Chain Pickerel
4644,21,33,199,4,1,29.58432144,6567.709956,30.838,Chain Pickerel
5810,15,11,740,4,14,22.19423357,8140.88645,23.17,Chain Pickerel
1656,17,17,120,4,6,27.39792472,2040.455243,25.726,Chain Pickerel
6472,28,92,615,4,57,31.03434997,56580.1126,39.784,Chain Pickerel
7688,16,14,289,5,9,17.76069689,4046.245288,25.448,Chain Pickerel
8496,21,33,492,2,3,50.98496406,16236.10726,28.838,Chain Pickerel
7873,17,17,86,8,6,26.08831758,1462.056196,29.726,Chain Pickerel
5759,16,14,292,6,8,23.42237478,4088.858773,26.448,Chain Pickerel
3926,29,103,462,8,64,59.55539885,47586.92862,45.062,Chain Pickerel
3082,16,14,478,5,9,26.04042299,6692.538148,25.448,Chain Pickerel
7948,23,44,349,1,11,31.05000089,15356.9281,30.394,Chain Pickerel
3366,23,44,517,8,16,27.62036888,22748.80873,37.394,Chain Pickerel
9387,26,65,455,4,31,40.55330767,29575.62096,37.228,Chain Pickerel
7273,18,20,274,6,5,26.4983702,5480.132818,29.004,Chain Pickerel
4143,17,17,229,8,5,33.4377165,3893.665769,29.726,Chain Pickerel
4188,28,92,202,2,58,70.79143139,18584.0881,37.784,Chain Pickerel
6872,24,51,524,5,18,43.74330204,26724.89368,35.672,Chain Pickerel
3993,27,83,210,5,48,82.22611233,17430.60727,39.506,Chain Pickerel
9667,24,51,309,3,22,66.29880445,15759.04322,33.672,Chain Pickerel
5197,16,14,351,1,9,28.17963412,4914.464764,21.448,Chain Pickerel
3367,31,126,149,6,84,62.55891553,18774.19917,45.618,Chain Pickerel
4006,17,17,321,6,8,17.05591309,5457.016073,27.726,Chain Pickerel
1861,31,126,521,2,90,142.5311498,65646.70498,41.618,Chain Pickerel
2728,15,11,84,8,10,18.04282699,924.2484035,27.17,Chain Pickerel
4083,27,83,579,1,50,47.02065223,48057.96618,35.506,Chain Pickerel
5145,31,126,679,3,85,54.32917071,85554.01184,42.618,Chain Pickerel
1597,21,33,623,6,7,49.60562555,20559.3188,32.838,Chain Pickerel
4148,31,126,93,1,88,135.5226718,11718.46373,40.618,Chain Pickerel
9193,15,11,450,5,13,24.63668501,4950.299144,24.17,Chain Pickerel
3545,27,83,659,6,51,81.01569151,54697.78965,40.506,Chain Pickerel
1210,18,20,376,8,6,19.53191825,7520.087541,31.004,Chain Pickerel
1312,18,20,235,6,3,36.85489658,4700.223499,29.004,Chain Pickerel
7119,20,28,107,7,0,42.48360154,2996.642149,32.56,Chain Pickerel
5874,31,126,559,1,87,142.3307184,70434.74693,40.618,Chain Pickerel
7619,23,44,79,1,11,48.94640764,3476.57101,30.394,Chain Pickerel
1702,25,58,500,6,24,66.08172541,29000.25268,37.95,Chain Pickerel
8154,24,51,267,2,19,62.66048083,13617.6556,32.672,Chain Pickerel
7730,22,38,601,6,11,46.59649961,22838.15105,34.116,Chain Pickerel
7720,17,17,611,3,6,23.28773774,10387.09617,24.726,Chain Pickerel
9017,26,65,254,3,32,60.52950141,16510.3767,36.228,Chain Pickerel
9887,22,38,250,4,5,31.57882163,9500.541556,32.116,Chain Pickerel
1090,15,11,86,6,13,18.41707386,946.0102176,25.17,Chain Pickerel
2510,21,33,89,3,6,27.07708732,2937.629929,29.838,Chain Pickerel
8044,31,126,304,6,86,88.93708841,38304.52449,45.618,Chain Pickerel
1676,27,83,139,6,50,74.84372684,11537.91558,40.506,Chain Pickerel
6225,28,92,97,6,56,46.55171018,8924.022469,41.784,Chain Pickerel
1826,21,33,745,6,7,39.73765618,24585.64272,32.838,Chain Pickerel
2176,21,33,507,6,2,24.09219506,16731.75639,32.838,Chain Pickerel
9291,17,17,750,3,5,26.79000076,12750.72622,24.726,Chain Pickerel
1170,26,65,226,7,31,61.62166003,14690.36535,40.228,Chain Pickerel
3915,18,20,186,2,3,28.4896953,3720.118998,25.004,Chain Pickerel
3805,30,114,318,2,78,89.72366518,36252.87734,40.34,Chain Pickerel
2291,21,33,266,8,2,25.71165757,8778.410635,34.838,Chain Pickerel
5657,21,33,393,6,3,32.8934612,12969.85753,32.838,Chain Pickerel
3608,15,11,606,1,12,24.58450273,6666.078609,20.17,Chain Pickerel
9919,15,11,752,5,12,18.78748153,8272.387751,24.17,Chain Pickerel
3589,17,17,720,5,5,33.32132512,12240.39245,26.726,Chain Pickerel
4630,31,126,88,2,89,156.2248373,11088.37065,41.618,Chain Pickerel
1628,21,33,353,2,4,39.24462129,11649.74043,28.838,Chain Pickerel
4672,15,11,26,7,10,18.87636223,286.8654068,26.17,Chain Pickerel
1753,20,28,225,5,2,23.56593551,6300.798025,30.56,Chain Pickerel
2820,24,51,63,7,16,70.16533507,3213.768797,37.672,Chain Pickerel
1350,17,17,663,3,8,17.15749453,11271.65233,24.726,Chain Pickerel
7829,31,126,194,5,88,64.51203108,24444.07481,44.618,Chain Pickerel
1351,22,38,444,8,8,38.02180785,16872.13504,36.116,Chain Pickerel
4783,24,51,176,6,18,52.22370368,8976.098597,36.672,Chain Pickerel
5421,20,28,87,4,0,23.97611399,2436.785456,29.56,Chain Pickerel
6542,22,38,364,6,10,44.32698041,13832.14689,34.116,Chain Pickerel
3330,24,51,142,3,21,40.24484677,7242.055122,33.672,Chain Pickerel
1529,20,28,104,5,1,43.52560622,2912.896773,30.56,Chain Pickerel
5218,20,28,168,5,1,37.8776026,4704.994449,30.56,Chain Pickerel
3571,17,17,312,2,9,26.54363081,5304.956144,23.726,Chain Pickerel
9155,18,20,517,4,9,33.79072101,10340.69263,27.004,Chain Pickerel
6544,19,24,540,6,2,30.58800417,12960.44245,30.282,Chain Pickerel
6740,19,24,674,4,3,23.09552291,16176.9705,28.282,Chain Pickerel
2439,28,92,95,4,57,73.77624025,8740.785098,39.784,Chain Pickerel
6219,24,51,290,8,21,34.23131346,14790.72589,38.672,Chain Pickerel
5041,16,14,639,6,12,20.77532914,8946.258521,26.448,Chain Pickerel
3963,27,83,253,6,50,69.24288549,20999.02255,40.506,Chain Pickerel
1758,29,103,338,2,64,115.4980634,34814.45506,39.062,Chain Pickerel
5032,17,17,649,5,8,31.51593849,11033.32905,26.726,Chain Pickerel
5436,16,14,533,3,7,17.71872057,7462.70939,23.448,Chain Pickerel
4157,25,58,528,3,26,47.22804894,30624.0758,34.95,Chain Pickerel
5152,23,44,690,3,14,28.95947138,30360.81412,32.394,Chain Pickerel
8425,18,20,287,8,4,19.57669877,5740.449811,31.004,Chain Pickerel
1777,24,51,273,2,21,38.98093826,13923.13293,32.672,Chain Pickerel
2729,23,44,83,7,14,66.33685775,3652.030708,36.394,Chain Pickerel
3564,21,33,601,3,5,47.57112367,19833.08788,29.838,Chain Pickerel
6689,31,126,147,3,87,43.21476103,18522.59094,42.618,Chain Pickerel
2617,23,44,668,1,12,26.0448276,29392.08436,30.394,Chain Pickerel
8385,20,28,100,4,3,32.36520118,2800.446372,29.56,Chain Pickerel
6305,24,51,187,3,22,64.3807362,9537.671067,33.672,Chain Pickerel
4353,27,83,711,5,51,57.06899019,59013.13963,39.506,Chain Pickerel
8985,20,28,420,6,1,30.74691693,11760.15487,31.56,Chain Pickerel
1287,17,17,747,5,5,17.81078441,12699.78444,26.726,Chain Pickerel
3747,25,58,320,7,28,79.06549947,18560.52294,38.95,Chain Pickerel
2022,26,65,464,1,28,84.22251404,30160.95662,34.228,Chain Pickerel
9900,29,103,623,5,63,89.86946194,64169.06528,42.062,Chain Pickerel
4358,23,44,513,7,12,38.6837689,22572.70146,36.394,Chain Pickerel
4370,25,58,749,3,22,30.26492828,43442.44609,34.95,Chain Pickerel
2117,25,58,574,3,23,41.98135376,33292.16918,34.95,Chain Pickerel
4388,28,92,16,6,58,79.38129576,1472.808527,41.784,Chain Pickerel
3624,30,114,581,7,77,54.04285319,66234.41851,45.34,Chain Pickerel
5550,25,58,545,4,27,27.22621184,31610.82596,35.95,Chain Pickerel
5727,18,20,527,2,4,24.80445554,10540.69063,25.004,Chain Pickerel
7736,20,28,324,4,3,26.04637121,9072.747875,29.56,Chain Pickerel
1982,28,92,298,3,54,66.6270178,27416.8248,38.784,Chain Pickerel
1821,26,65,289,5,34,53.52260199,18785.72228,38.228,Chain Pickerel
8427,30,114,309,3,76,77.77937867,35226.07169,41.34,Chain Pickerel
9642,30,114,25,5,73,40.0687493,2850.325171,43.34,Chain Pickerel
4964,30,114,379,2,74,81.75284622,43206.96448,40.34,Chain Pickerel
7028,22,38,143,6,8,24.22926354,5434.038748,34.116,Chain Pickerel
8592,28,92,57,8,56,67.39530704,5244.065292,43.784,Chain Pickerel
4951,15,11,362,1,11,23.19997956,3982.562199,20.17,Chain Pickerel
1447,15,11,60,5,10,25.88898538,660.2492748,24.17,Chain Pickerel
8004,21,33,336,3,6,29.10719637,11088.72547,29.838,Chain Pickerel
1996,17,17,562,8,10,19.22763621,9554.450617,29.726,Chain Pickerel
8089,22,38,627,5,7,38.36127503,23826.74104,33.116,Chain Pickerel
5402,19,24,138,2,1,25.05695403,3312.145137,26.282,Chain Pickerel
6291,21,33,672,3,6,40.00574607,22176.66149,29.838,Chain Pickerel
2252,22,38,284,6,8,56.98425653,10792.01682,34.116,Chain Pickerel
5604,22,38,9,2,10,57.3946104,342.3475824,30.116,Chain Pickerel
2770,15,11,508,2,11,16.94810101,5588.975318,21.17,Chain Pickerel
9336,27,83,413,6,45,73.07607022,34279.11436,40.506,Chain Pickerel
2186,29,103,329,1,66,34.89765189,33887.17419,38.062,Chain Pickerel
3116,26,65,99,1,34,90.75429107,6435.158328,34.228,Chain Pickerel
5268,28,92,711,6,55,114.664502,65412.34464,41.784,Chain Pickerel
3101,30,114,542,7,73,33.45101743,61788.37443,45.34,Chain Pickerel
9309,28,92,308,6,55,109.1591835,28336.66187,41.784,Chain Pickerel
9297,20,28,719,7,3,41.04486642,20132.57564,32.56,Chain Pickerel
1857,28,92,62,2,58,38.15866497,5704.061419,37.784,Chain Pickerel
3970,30,114,497,5,77,33.60865812,56658.75926,43.34,Chain Pickerel
1633,31,126,136,1,87,131.0674831,17136.51851,40.618,Chain Pickerel
5768,21,33,444,2,3,44.24475287,14652.49403,28.838,Chain Pickerel
8889,30,114,73,4,74,122.2421752,8322.962875,42.34,Chain Pickerel
7763,22,38,709,3,6,51.96557539,26942.44159,31.116,Chain Pickerel
4529,31,126,147,2,84,80.10201131,18522.02457,41.618,Chain Pickerel
4452,22,38,735,6,11,52.12388981,27930.43461,34.116,Chain Pickerel
3169,28,92,481,4,55,79.92508623,44252.50261,39.784,Chain Pickerel
7055,28,92,595,5,54,85.2322859,54740.07038,40.784,Chain Pickerel
1153,27,83,611,2,49,93.70089575,50713.7252,36.506,Chain Pickerel
5868,30,114,177,1,73,68.05296203,20178.83182,39.34,Chain Pickerel
6810,16,14,743,2,8,22.88966097,10402.00948,22.448,Chain Pickerel
4566,31,126,333,2,85,121.761639,41958.17641,41.618,Chain Pickerel
4440,20,28,369,3,1,41.74836142,10332.67564,28.56,Chain Pickerel
4316,15,11,201,8,12,15.37658997,2211.57546,27.17,Chain Pickerel
3816,17,17,637,1,5,22.43983341,10829.23478,22.726,Chain Pickerel
2393,27,83,702,1,50,102.4118452,58266.40066,35.506,Chain Pickerel
7447,24,51,743,4,18,53.82426537,37893.16417,34.672,Chain Pickerel
3471,19,24,221,1,6,36.65276441,5304.473854,25.282,Chain Pickerel
9366,16,14,365,5,8,29.66960967,5110.161552,25.448,Chain Pickerel
8931,20,28,80,4,0,44.52426331,2240.298935,29.56,Chain Pickerel
5364,20,28,551,6,0,36.38910334,15428.08282,31.56,Chain Pickerel
1371,31,126,203,6,87,105.94129,25578.10098,45.618,Chain Pickerel
6967,30,114,272,6,74,101.0110401,31008.07944,44.34,Chain Pickerel
2969,31,126,370,2,89,101.2114976,46620.69879,41.618,Chain Pickerel
1448,28,92,314,3,58,46.91043401,28888.06148,38.784,Chain Pickerel
3075,19,24,490,4,3,39.03810537,11760.30447,28.282,Chain Pickerel
6689,21,33,114,6,5,39.90040352,3762.544558,32.838,Chain Pickerel
9842,21,33,619,2,1,22.30931936,20427.06663,28.838,Chain Pickerel
4709,28,92,229,7,58,45.95080329,21068.14916,42.784,Chain Pickerel
5013,31,126,102,2,84,51.48090013,12852.27576,41.618,Chain Pickerel
3935,29,103,148,6,65,81.17480315,15244.6916,43.062,Chain Pickerel
7475,31,126,409,2,89,133.5286014,51534.72353,41.618,Chain Pickerel
7263,20,28,643,4,3,43.61012705,18004.77841,29.56,Chain Pickerel
9417,21,33,161,4,6,22.53053494,5313.014805,30.838,Chain Pickerel
5503,24,51,258,2,16,51.43564205,13158.03,32.672,Chain Pickerel
4974,15,11,116,8,12,22.41829465,1276.182153,27.17,Chain Pickerel
8192,19,24,404,6,1,21.79352773,9696.586785,30.282,Chain Pickerel
3114,16,14,347,4,8,26.31172601,4858.250303,24.448,Chain Pickerel
3987,21,33,644,2,1,48.80890023,21252.41132,28.838,Chain Pickerel
6831,19,24,239,1,2,35.52051922,5736.681635,25.282,Chain Pickerel
7656,18,20,107,5,6,36.09870684,2140.955903,28.004,Chain Pickerel
6624,26,65,382,1,31,81.66510359,24830.79509,34.228,Chain Pickerel
9850,20,28,700,2,2,33.38160965,19600.76542,27.56,Chain Pickerel
1153,20,28,278,1,1,20.65656714,7784.242734,26.56,Chain Pickerel
6216,20,28,686,2,2,39.40015283,19208.36283,27.56,Chain Pickerel
8377,21,33,339,3,4,50.10462016,11187.51362,29.838,Chain Pickerel
3717,18,20,364,8,9,36.77694497,7280.050871,31.004,Chain Pickerel
3213,25,58,732,4,25,43.13531414,42456.23045,35.95,Chain Pickerel
9855,28,92,76,5,53,80.96813383,6992.915741,40.784,Chain Pickerel
7303,31,126,746,4,87,152.9358875,93996.42917,43.618,Chain Pickerel
6181,25,58,628,1,23,37.144099,36424.47772,32.95,Chain Pickerel
4123,16,14,156,2,13,26.74132658,2184.278999,22.448,Chain Pickerel
9070,29,103,244,5,65,82.20285095,25132.84773,42.062,Chain Pickerel
5576,26,65,633,4,28,51.26175149,41145.67726,37.228,Chain Pickerel
5135,16,14,751,1,10,21.65804698,10514.58096,21.448,Chain Pickerel
6349,22,38,318,3,8,23.10362836,12084.23508,31.116,Chain Pickerel
5355,15,11,136,1,13,16.28538026,1496.776003,20.17,Chain Pickerel
6085,24,51,307,2,22,72.13008369,15657.29764,32.672,Chain Pickerel
4197,24,51,62,6,19,67.15235411,3162.222429,36.672,Chain Pickerel
7039,24,51,166,6,20,39.46705908,8466.780727,36.672,Chain Pickerel
1435,25,58,666,3,26,47.76013214,38628.12374,34.95,Chain Pickerel
4017,31,126,76,4,85,123.0474064,9576.57477,43.618,Chain Pickerel
1482,25,58,37,6,28,56.85368423,2146.601062,37.95,Chain Pickerel
3062,26,65,418,2,30,89.32473492,27170.45675,35.228,Chain Pickerel
9499,27,83,405,6,50,68.7158583,33615.65929,40.506,Chain Pickerel
4936,31,126,339,4,88,150.2119943,42714.05507,43.618,Chain Pickerel
2131,31,126,51,7,88,35.04162592,6426.101931,46.618,Chain Pickerel
9947,17,17,321,6,5,23.86430123,5457.684085,27.726,Chain Pickerel
5779,31,126,652,2,84,48.34426593,82152.67259,41.618,Chain Pickerel
6029,20,28,694,1,3,22.42937707,19432.24149,26.56,Chain Pickerel
1161,20,28,467,6,3,45.44900398,13076.10309,31.56,Chain Pickerel
7043,21,33,283,3,5,26.93502639,9339.926176,29.838,Chain Pickerel
4801,16,14,72,4,7,19.21500673,1008.956482,24.448,Chain Pickerel
4025,19,24,553,1,3,23.45616212,13272.74193,25.282,Chain Pickerel
2432,26,65,163,3,29,68.78792331,10595.94211,36.228,Chain Pickerel
6057,23,44,114,3,11,59.62499315,5016.84861,32.394,Chain Pickerel
6032,22,38,9,4,9,40.72185643,342.9949024,32.116,Chain Pickerel
1071,27,83,660,1,49,90.58972244,54780.47465,35.506,Chain Pickerel
9150,30,114,622,6,77,42.67338932,70908.76219,44.34,Chain Pickerel
9602,16,14,57,3,10,27.43265479,798.9941813,23.448,Chain Pickerel
9279,21,33,273,4,4,37.52851669,9009.935747,30.838,Chain Pickerel
3349,21,33,655,6,4,49.67807918,21615.54227,32.838,Chain Pickerel
7854,31,126,128,5,90,140.8413975,16128.58963,44.618,Chain Pickerel
9681,18,20,175,4,9,24.57997591,3500.239607,27.004,Chain Pickerel
9847,17,17,609,6,8,23.04111727,10353.62306,27.726,Chain Pickerel
1165,25,58,314,2,27,63.60925432,18212.30264,33.95,Chain Pickerel
4446,16,14,146,1,13,18.72740225,2044.825973,21.448,Chain Pickerel
3496,26,65,218,2,32,81.22309394,14170.72062,35.228,Chain Pickerel
5775,28,92,327,5,55,97.63015364,30084.02605,40.784,Chain Pickerel
3606,28,92,100,2,58,47.55225044,9200.657554,37.784,Chain Pickerel
8137,26,65,156,5,28,56.089886,10140.95026,38.228,Chain Pickerel
8048,17,17,461,3,10,23.03775205,7837.663808,24.726,Chain Pickerel
5940,30,114,744,4,79,138.1185928,84816.21937,42.34,Chain Pickerel
1117,29,103,624,8,64,112.8686939,64272.52,45.062,Chain Pickerel
7193,30,114,316,4,75,89.63056449,36024.3361,42.34,Chain Pickerel
1183,29,103,81,3,64,102.4266441,8343.539792,40.062,Chain Pickerel
5019,31,126,322,3,87,58.51124648,40572.8226,42.618,Chain Pickerel
3048,24,51,487,7,16,60.05721088,24837.1573,37.672,Chain Pickerel
6167,17,17,383,6,10,20.62847417,6511.794664,27.726,Chain Pickerel
1391,30,114,278,3,79,60.56681738,31692.64085,41.34,Chain Pickerel
9939,31,126,153,2,87,76.10743166,19278.20959,41.618,Chain Pickerel
5457,26,65,279,1,34,29.19561748,18135.14582,34.228,Chain Pickerel
4962,15,11,335,7,12,23.11907352,3685.831558,26.17,Chain Pickerel
8940,19,24,48,4,6,25.83186476,1152.379393,28.282,Chain Pickerel
4137,16,14,172,7,10,16.86674651,2408.515931,27.448,Chain Pickerel
7729,19,24,505,6,1,29.991062,12120.86188,30.282,Chain Pickerel
1835,17,17,55,4,7,33.43976357,935.6001108,25.726,Chain Pickerel
5337,27,83,436,3,46,33.94841153,36188.11081,37.506,Chain Pickerel
1967,18,20,145,8,4,29.38761321,2900.785756,31.004,Chain Pickerel
1899,26,65,555,5,29,60.12540596,36075.31561,38.228,Chain Pickerel
2691,27,83,630,1,46,42.99090529,52290.57563,35.506,Chain Pickerel
4772,29,103,338,6,67,71.78230169,34814.52818,43.062,Chain Pickerel
6875,17,17,368,8,6,29.73903916,6256.582612,29.726,Chain Pickerel
9441,17,17,622,7,6,23.6384189,10574.92056,28.726,Chain Pickerel
1470,23,44,683,6,15,23.34703093,30052.10152,35.394,Chain Pickerel
8443,19,24,528,8,0,24.25628388,12672.85073,32.282,Chain Pickerel
2127,15,11,552,1,12,21.23535513,6072.009165,20.17,Chain Pickerel
4433,27,83,498,1,49,65.24141256,41334.42066,35.506,Chain Pickerel
8524,19,24,511,8,4,41.63587422,12264.64479,32.282,Chain Pickerel
3229,23,44,659,8,12,31.32246663,28996.13138,37.394,Chain Pickerel
6109,17,17,574,1,10,24.58614622,9758.223397,22.726,Chain Pickerel
2565,22,38,212,5,5,37.21053237,8056.851218,33.116,Chain Pickerel
5255,19,24,556,3,1,27.79311634,13344.02533,27.282,Chain Pickerel
2491,20,28,429,3,2,33.24739752,12012.02761,28.56,Chain Pickerel
8746,21,33,193,8,6,41.85649855,6369.31129,34.838,Chain Pickerel
2435,16,14,707,7,10,28.85669475,9898.741782,27.448,Chain Pickerel
9542,17,17,370,2,7,29.37146474,6290.197509,23.726,Chain Pickerel
3309,22,38,239,7,10,55.1010258,9082.057922,35.116,Chain Pickerel
2067,27,83,33,6,49,42.1537972,2739.148269,40.506,Chain Pickerel
2620,24,51,180,6,22,52.45504571,9180.152561,36.672,Chain Pickerel
7485,24,51,542,6,19,50.378813,27642.82407,36.672,Chain Pickerel
5919,29,103,723,8,68,89.98625148,74469.98299,45.062,Chain Pickerel
6031,18,20,602,3,3,29.6833837,12040.43214,26.004,Chain Pickerel
3857,25,58,261,5,22,63.57115104,15138.88463,36.95,Chain Pickerel
8903,29,103,316,5,64,127.451621,32548.12224,42.062,Chain Pickerel
8806,31,126,457,1,85,156.2841043,57582.76379,40.618,Chain Pickerel
3378,15,11,646,5,13,19.39102542,7106.615226,24.17,Chain Pickerel
2930,22,38,153,8,8,58.51181244,5814.274561,36.116,Chain Pickerel
8384,24,51,434,7,19,28.03680898,22134.6305,37.672,Chain Pickerel
8171,30,114,646,2,75,43.38949388,73644.32415,40.34,Chain Pickerel
1063,18,20,594,2,8,33.93430225,11880.84117,25.004,Chain Pickerel
8357,28,92,339,8,55,76.69207198,31188.59972,43.784,Chain Pickerel
8486,21,33,383,5,1,48.04557385,12639.77476,31.838,Chain Pickerel
9376,21,33,727,5,1,30.42704774,23991.20749,31.838,Chain Pickerel
5376,16,14,81,4,10,26.66050403,1134.853019,24.448,Chain Pickerel
7312,31,126,731,8,86,131.8269296,92106.1699,47.618,Chain Pickerel
2771,28,92,437,6,55,104.8339187,40204.77876,41.784,Chain Pickerel
4188,31,126,287,4,88,127.924525,36162.65161,43.618,Chain Pickerel
8965,22,38,582,1,7,46.50725617,22116.93008,29.116,Chain Pickerel
2032,16,14,659,1,8,21.53125668,9226.510968,21.448,Chain Pickerel
3715,24,51,400,5,19,28.0974686,20400.54835,35.672,Chain Pickerel
9432,23,44,743,7,16,52.26701011,32692.43733,36.394,Chain Pickerel
3468,31,126,502,6,90,47.71152379,63252.18849,45.618,Chain Pickerel
8148,26,65,39,3,28,88.84794361,2535.650508,36.228,Chain Pickerel
1591,22,38,32,5,7,32.24837505,1216.706481,33.116,Chain Pickerel
6411,30,114,113,3,78,70.62618365,12882.27438,41.34,Chain Pickerel
4241,30,114,427,5,78,75.77572188,48678.30368,43.34,Chain Pickerel
7488,17,17,654,3,7,31.55927444,11118.86439,24.726,Chain Pickerel
9357,16,14,133,8,12,26.94569095,1862.532565,28.448,Chain Pickerel
1666,24,51,658,3,17,59.8341697,33558.56306,33.672,Chain Pickerel
5899,17,17,118,8,11,17.81487561,2006.465284,29.726,Chain Pickerel
3690,23,44,200,5,11,65.1123433,8800.052338,34.394,Chain Pickerel
3134,30,114,589,2,76,108.9606602,67146.43697,40.34,Chain Pickerel
4964,20,28,271,7,3,28.54139961,7588.606938,32.56,Chain Pickerel
1846,25,58,747,4,24,80.19506116,43326.3501,35.95,Chain Pickerel
9640,17,17,257,7,9,19.57244941,4369.333021,28.726,Chain Pickerel
9027,17,17,230,2,5,25.15994262,3910.649657,23.726,Chain Pickerel
6747,29,103,711,1,66,67.92274568,73233.84457,38.062,Chain Pickerel
8482,31,126,158,3,89,99.40795725,19908.06756,42.618,Chain Pickerel
1445,26,65,249,6,31,78.87197653,16185.60433,39.228,Chain Pickerel
6024,28,92,466,8,55,97.97153827,42872.54546,43.784,Chain Pickerel
4153,20,28,671,8,3,33.36921876,18788.27816,33.56,Chain Pickerel
4978,30,114,672,7,73,143.9433444,76608.22811,45.34,Chain Pickerel
9321,17,17,294,1,6,31.62216797,4998.150094,22.726,Chain Pickerel
7499,17,17,237,6,6,18.55104362,4029.983129,27.726,Chain Pickerel
7476,21,33,337,1,7,26.70043868,11121.90331,27.838,Chain Pickerel
6034,18,20,648,8,3,34.17849214,12960.21743,31.004,Chain Pickerel
4887,23,44,337,2,15,37.75314418,14828.3877,31.394,Chain Pickerel
7316,24,51,413,1,16,56.37396911,21063.15408,31.672,Chain Pickerel
4803,19,24,76,3,2,37.9730182,1824.262599,27.282,Chain Pickerel
4890,31,126,479,2,86,131.4264863,60354.37818,41.618,Chain Pickerel
8768,20,28,290,1,2,35.12067855,8120.855233,26.56,Chain Pickerel
8028,17,17,439,4,6,18.58144351,7463.525432,25.726,Chain Pickerel
3610,18,20,697,8,6,29.84669278,13940.5679,31.004,Chain Pickerel
8120,28,92,115,6,58,93.40400834,10580.24488,41.784,Chain Pickerel
3877,30,114,17,7,76,32.89898858,1938.535598,45.34,Chain Pickerel
8090,22,38,163,5,6,22.62841535,6194.715105,33.116,Chain Pickerel
3990,30,114,396,1,79,69.81254149,45144.40086,39.34,Chain Pickerel
6596,15,11,143,8,9,25.50248817,1573.243447,27.17,Chain Pickerel
5151,20,28,304,1,1,45.51746638,8512.018817,26.56,Chain Pickerel
7797,15,11,569,1,11,24.68444408,6259.155933,20.17,Chain Pickerel
2002,30,114,288,4,77,92.64441758,32832.06494,42.34,Chain Pickerel
5502,22,38,241,3,8,31.78213053,9158.625493,31.116,Chain Pickerel
4578,29,103,493,8,65,47.89572152,50779.99095,45.062,Chain Pickerel
1678,17,17,646,8,11,28.71751003,10982.38642,29.726,Chain Pickerel
2865,24,51,722,5,21,43.58465553,36822.01135,35.672,Chain Pickerel
2488,19,24,737,2,5,26.49365133,17688.52401,26.282,Chain Pickerel
4254,29,103,287,6,68,91.53372131,29561.93543,43.062,Chain Pickerel
1626,28,92,559,7,54,119.3565708,51428.38617,42.784,Chain Pickerel
4771,20,28,15,7,3,37.5209119,420.8021019,32.56,Chain Pickerel
7045,16,14,67,2,12,28.39835334,938.3717191,22.448,Chain Pickerel
7532,22,38,250,4,5,39.48465501,9500.0968,32.116,Chain Pickerel
9262,16,14,12,6,12,28.20270249,168.5415621,26.448,Chain Pickerel
3104,26,65,373,1,30,75.72515049,24245.08099,34.228,Chain Pickerel
8485,27,83,273,3,45,34.45379233,22659.36974,37.506,Chain Pickerel
2040,27,83,608,2,46,89.94094974,50464.77545,36.506,Chain Pickerel
3099,29,103,269,5,66,64.92660106,27707.56639,42.062,Chain Pickerel
1640,27,83,207,8,48,90.89036534,17181.49505,42.506,Chain Pickerel
9403,19,24,688,6,0,28.67759731,16512.39566,30.282,Chain Pickerel
6654,28,92,265,3,54,107.3779497,24380.8759,38.784,Chain Pickerel
4415,29,103,206,7,63,93.6392062,21218.88647,44.062,Chain Pickerel
7061,31,126,737,5,90,89.96722902,92862.61379,44.618,Chain Pickerel
8633,29,103,117,8,67,67.41344546,12051.0948,45.062,Chain Pickerel
4856,25,58,686,2,25,42.12386204,39788.27534,33.95,Chain Pickerel
5043,20,28,412,4,0,42.09630983,11536.45033,29.56,Chain Pickerel
8030,25,58,11,7,27,56.42338415,638.9251768,38.95,Chain Pickerel
9651,24,51,410,8,21,65.96574373,20910.3469,38.672,Chain Pickerel
1837,26,65,459,4,29,30.61907636,29835.03254,37.228,Chain Pickerel
3148,20,28,184,2,1,27.34551617,5152.762856,27.56,Chain Pickerel
8552,19,24,316,2,4,19.91588023,7584.446708,26.282,Chain Pickerel
8421,27,83,464,1,49,82.34355422,38512.4086,35.506,Chain Pickerel
3161,25,58,13,3,24,37.90792807,754.7239453,34.95,Chain Pickerel
8818,27,83,466,4,49,63.8257392,38678.91683,38.506,Chain Pickerel
7340,24,51,154,7,18,51.54481524,7854.614664,37.672,Chain Pickerel
8153,31,126,699,3,87,154.1002412,88074.85074,42.618,Chain Pickerel
8777,16,14,333,2,8,26.91738476,4662.910578,22.448,Chain Pickerel
6555,17,17,399,5,9,33.6577139,6783.307841,26.726,Chain Pickerel
2680,23,44,226,2,13,64.91552442,9944.974292,31.394,Chain Pickerel
8091,24,51,642,3,19,27.72498146,32742.85942,33.672,Chain Pickerel
6350,16,14,738,1,10,22.17792453,10332.30062,21.448,Chain Pickerel
4490,27,83,272,3,47,32.51805814,22576.27194,37.506,Chain Pickerel
9897,29,103,365,7,69,65.74937415,37595.45948,44.062,Chain Pickerel
2567,20,28,175,4,1,28.18602334,4900.111269,29.56,Chain Pickerel
4283,20,28,469,3,2,27.16527688,13132.49739,28.56,Chain Pickerel
6647,29,103,207,6,68,39.41678836,21321.59634,43.062,Chain Pickerel
8570,17,17,323,3,9,29.0167587,5491.510607,24.726,Chain Pickerel
6992,24,51,345,1,20,37.52383899,17595.37691,31.672,Chain Pickerel
5648,21,33,382,4,4,43.31542505,12606.14355,30.838,Chain Pickerel
2191,23,44,339,5,11,49.0132447,14916.00941,34.394,Chain Pickerel
8512,18,20,324,3,3,27.22543807,6480.338602,26.004,Chain Pickerel
7141,26,65,746,1,30,66.15040397,48490.50118,34.228,Chain Pickerel
6560,17,17,606,1,8,17.22528596,10302.1542,22.726,Chain Pickerel
7329,29,103,316,6,64,47.32300285,32548.99405,43.062,Chain Pickerel
4856,28,92,20,2,59,74.7409323,1840.878366,37.784,Chain Pickerel
8089,30,114,44,4,78,39.74864364,5016.39988,42.34,Chain Pickerel
7931,24,51,35,7,16,63.08474077,1785.695909,37.672,Chain Pickerel
6587,17,17,144,1,10,18.59404137,2448.948393,22.726,Chain Pickerel
8378,20,28,125,5,3,43.82277851,3500.065539,30.56,Chain Pickerel
8139,15,11,650,8,13,23.98196174,7150.705122,27.17,Chain Pickerel
4310,29,103,511,6,67,99.76831994,52633.83823,43.062,Chain Pickerel
3611,19,24,572,5,4,36.70172006,13728.58847,29.282,Chain Pickerel
7100,27,83,658,2,49,70.73492818,54614.73008,36.506,Chain Pickerel
7682,18,20,481,3,5,34.85245235,9620.766907,26.004,Chain Pickerel
8064,24,51,382,3,20,35.80516575,19482.53442,33.672,Chain Pickerel
4679,31,126,305,7,84,66.82045987,38430.04742,46.618,Chain Pickerel
5841,21,33,290,8,4,21.31828532,9570.565493,34.838,Chain Pickerel
9989,25,58,691,2,22,74.13472609,40078.56546,33.95,Chain Pickerel
3891,15,11,345,4,10,25.26071321,3795.544682,23.17,Chain Pickerel
8464,29,103,524,4,66,49.69791685,53972.32921,41.062,Chain Pickerel
4716,27,83,49,5,49,67.24235569,4067.814025,39.506,Chain Pickerel
7613,28,92,317,8,53,96.28943683,29164.18421,43.784,Chain Pickerel
5324,24,51,299,8,21,29.75802621,15249.18005,38.672,Chain Pickerel
2912,18,20,334,2,9,33.02476277,6680.838786,25.004,Chain Pickerel
4791,19,24,330,6,2,25.70753131,7920.769669,30.282,Chain Pickerel
1898,25,58,399,3,27,34.03283468,23142.81823,34.95,Chain Pickerel
4749,29,103,617,6,63,50.18303698,63551.35029,43.062,Chain Pickerel
6110,16,14,78,5,13,24.75291078,1092.522807,25.448,Chain Pickerel
7645,29,103,615,4,64,72.13840209,63345.27907,41.062,Chain Pickerel
2826,28,92,446,1,55,30.46346048,41032.91276,36.784,Chain Pickerel
4542,27,83,119,6,51,75.31448175,9877.80674,40.506,Chain Pickerel
4182,20,28,706,3,1,26.58397394,19768.78539,28.56,Chain Pickerel
2917,24,51,302,2,22,68.89010149,15402.2307,32.672,Chain Pickerel
6484,29,103,660,4,63,49.09985599,67980.89152,41.062,Chain Pickerel
3969,16,14,326,1,7,20.37972245,4564.506343,21.448,Chain Pickerel
4633,19,24,619,2,1,40.16464361,14856.44089,26.282,Chain Pickerel
9083,31,126,361,8,84,95.15567885,45486.73321,47.618,Chain Pickerel
3288,31,126,626,6,87,111.8801077,78876.88903,45.618,Chain Pickerel
9688,15,11,257,3,13,19.25393566,2827.326007,22.17,Chain Pickerel
2693,22,38,145,4,10,26.96106332,5510.711536,32.116,Chain Pickerel
5721,24,51,474,4,20,50.9163977,24174.93679,34.672,Chain Pickerel
4529,16,14,481,1,9,24.84466977,6734.18517,21.448,Chain Pickerel
1511,18,20,694,4,7,29.12257711,13880.44527,27.004,Chain Pickerel
6353,21,33,309,2,5,41.9055611,10197.09423,28.838,Chain Pickerel
6210,27,83,701,7,48,101.2871199,58183.79254,41.506,Chain Pickerel
9502,18,20,664,1,4,21.89046373,13280.29075,24.004,Chain Pickerel
3006,30,114,20,4,75,85.51065395,2280.039754,42.34,Chain Pickerel
7513,30,114,545,3,79,56.62994265,62130.05311,41.34,Chain Pickerel
8718,24,51,227,3,22,38.90189561,11577.18658,33.672,Chain Pickerel
9597,16,14,610,6,10,27.61862046,8540.990073,26.448,Chain Pickerel
7948,31,126,225,6,89,144.6393759,28350.3078,45.618,Chain Pickerel
2399,30,114,389,7,78,97.44403848,44346.91966,45.34,Chain Pickerel
4332,29,103,298,2,63,130.6416936,30694.31525,39.062,Chain Pickerel
2477,23,44,374,7,15,55.39359548,16456.29894,36.394,Chain Pickerel
7288,22,38,278,3,6,43.63867477,10564.33206,31.116,Chain Pickerel
7283,22,38,721,3,6,30.19310273,27398.83348,31.116,Chain Pickerel
9744,15,11,637,6,14,16.13249408,7007.057054,25.17,Chain Pickerel
5378,24,51,417,6,16,53.24219034,21267.61256,36.672,Chain Pickerel
3906,20,28,469,1,2,43.99319805,13132.61274,26.56,Chain Pickerel
7300,24,51,320,3,16,42.23360862,16320.10129,33.672,Chain Pickerel
2569,18,20,32,8,7,31.49377367,640.2198384,31.004,Chain Pickerel
2717,16,14,677,6,10,22.40765208,9478.193396,26.448,Chain Pickerel
5955,29,103,45,5,66,38.50304433,4635.132429,42.062,Chain Pickerel
6557,17,17,506,1,10,25.06839294,8602.345993,22.726,Chain Pickerel
7513,19,24,343,8,6,26.46542233,8232.468205,32.282,Chain Pickerel
1164,17,17,517,6,9,29.32650567,8789.091579,27.726,Chain Pickerel
3743,31,126,157,1,88,80.98460041,19782.38704,40.618,Chain Pickerel
1482,20,28,131,4,1,30.83172112,3668.150184,29.56,Chain Pickerel
4448,30,114,400,2,78,47.85297822,45600.55789,40.34,Chain Pickerel
9809,28,92,208,4,58,105.7705472,19136.88762,39.784,Chain Pickerel
4498,26,65,549,3,34,40.93046549,35685.9224,36.228,Chain Pickerel
5301,27,83,477,2,49,34.92675613,39591.00849,36.506,Chain Pickerel
8701,30,114,388,4,78,60.31684431,44232.67698,42.34,Chain Pickerel
6302,22,38,272,2,11,34.36668195,10336.83703,30.116,Chain Pickerel
3588,23,44,708,7,16,39.97939516,31152.09521,36.394,Chain Pickerel
9573,19,24,453,1,2,40.66019957,10872.47453,25.282,Chain Pickerel
5309,24,51,740,1,22,56.23002811,37740.63752,31.672,Chain Pickerel
6940,22,38,270,3,8,41.84274531,10260.49298,31.116,Chain Pickerel
8354,23,44,642,7,14,59.8296531,28248.43307,36.394,Chain Pickerel
2780,15,11,527,8,14,25.44319744,5797.073604,27.17,Chain Pickerel
8173,27,83,438,4,47,75.66708019,36354.71291,38.506,Chain Pickerel
8719,24,51,553,6,17,59.01653186,28203.88605,36.672,Chain Pickerel
3452,17,17,189,2,5,20.01857258,3213.924678,23.726,Chain Pickerel
3982,26,65,16,1,28,40.88400588,1040.434754,34.228,Chain Pickerel
9376,25,58,158,6,28,48.83595971,9164.307029,37.95,Chain Pickerel
4112,29,103,748,4,65,72.8484292,77044.74858,41.062,Chain Pickerel
6397,16,14,208,8,8,22.26755432,2912.359688,28.448,Chain Pickerel
1004,20,28,599,8,1,47.2960185,16772.86468,33.56,Chain Pickerel
8269,19,24,400,1,3,40.19047876,9600.338281,25.282,Chain Pickerel
2955,28,92,109,4,55,49.44699167,10028.08153,39.784,Chain Pickerel
5143,23,44,467,4,12,59.93705681,20548.98279,33.394,Chain Pickerel
7557,24,51,633,8,20,30.91074085,32283.14501,38.672,Chain Pickerel
3737,29,103,649,6,65,64.1591677,66847.85982,43.062,Chain Pickerel
9423,24,51,711,7,19,41.59192184,36261.69497,37.672,Chain Pickerel
2971,17,17,180,1,9,32.39115211,3060.278058,22.726,Chain Pickerel
2619,21,33,335,2,5,40.38564931,11055.55791,28.838,Chain Pickerel
5251,27,83,56,7,49,42.90143188,4648.895113,41.506,Chain Pickerel
6471,28,92,278,2,54,62.82903255,25576.02344,37.784,Chain Pickerel
2617,21,33,548,5,6,21.20695828,18084.03909,31.838,Chain Pickerel
3289,31,126,511,3,87,75.63582675,64386.70056,42.618,Chain Pickerel
2873,24,51,523,7,21,74.42268759,26673.38805,37.672,Chain Pickerel
8764,21,33,475,3,4,44.81648436,15675.93408,29.838,Chain Pickerel
1606,16,14,378,1,7,26.3472148,5292.081745,21.448,Chain Pickerel
2165,20,28,594,4,0,26.0500523,16632.10035,29.56,Chain Pickerel
8902,23,44,558,6,10,40.06516439,24552.45799,35.394,Chain Pickerel
8689,16,14,497,7,13,29.45703492,6958.377306,27.448,Chain Pickerel
9469,25,58,609,3,27,42.03633077,35322.56994,34.95,Chain Pickerel
6771,19,24,568,3,6,42.19646304,13632.21975,27.282,Chain Pickerel
6544,31,126,680,2,87,86.65058902,85680.68987,41.618,Chain Pickerel
5330,16,14,544,4,12,24.88356707,7616.608929,24.448,Chain Pickerel
1942,31,126,134,2,88,147.7386331,16884.83026,41.618,Chain Pickerel
8740,25,58,206,1,26,66.97199065,11948.96532,32.95,Chain Pickerel
6744,21,33,444,3,7,46.5257169,14652.44477,29.838,Chain Pickerel
2632,26,65,582,5,33,48.07968325,37830.32885,38.228,Chain Pickerel
6629,18,20,263,8,8,23.13167286,5260.632944,31.004,Chain Pickerel
1993,28,92,594,1,57,116.6461796,54648.51884,36.784,Chain Pickerel
8665,23,44,237,6,11,47.08315068,10428.09773,35.394,Chain Pickerel
4391,30,114,643,1,79,138.2719642,73302.62519,39.34,Chain Pickerel
3100,28,92,453,3,56,61.95547937,41676.55421,38.784,Chain Pickerel
1121,16,14,276,4,7,27.43972728,3864.706482,24.448,Chain Pickerel
3544,19,24,376,4,3,34.7552318,9024.933776,28.282,Chain Pickerel
6604,18,20,211,1,7,25.26279399,4220.435507,24.004,Chain Pickerel
5475,16,14,365,4,9,25.03684952,5110.757421,24.448,Chain Pickerel
5709,27,83,444,8,45,94.4213859,36852.03514,42.506,Chain Pickerel
3020,17,17,598,1,5,31.3654921,10166.04514,22.726,Chain Pickerel
6887,15,11,464,6,11,19.69223837,5104.238602,25.17,Chain Pickerel
7308,18,20,147,2,8,18.55989781,2940.220198,25.004,Chain Pickerel
2961,27,83,94,4,46,41.04989721,7802.804961,38.506,Chain Pickerel
7424,19,24,213,3,1,19.32446628,5112.911518,27.282,Chain Pickerel
9074,30,114,520,6,75,88.88162067,59280.24263,44.34,Chain Pickerel
8481,23,44,522,4,10,27.62634115,22968.05731,33.394,Chain Pickerel
5957,22,38,594,5,5,53.03574472,22572.72627,33.116,Chain Pickerel
1401,22,38,336,8,9,36.8981787,12768.62692,36.116,Chain Pickerel
2895,18,20,681,8,4,25.39012205,13620.39649,31.004,Chain Pickerel
8312,17,17,322,3,8,19.27829088,5474.743617,24.726,Chain Pickerel
7207,20,28,360,7,3,27.13521044,10080.71708,32.56,Chain Pickerel
5215,26,65,702,7,33,89.93444164,45630.86127,40.228,Chain Pickerel
5681,30,114,468,2,74,43.48840526,53352.00614,40.34,Chain Pickerel
4816,29,103,571,6,64,50.2171929,58813.86201,43.062,Chain Pickerel
2325,29,103,615,4,65,89.33775213,63345.97598,41.062,Chain Pickerel
2029,28,92,553,7,54,103.9567568,50876.93513,42.784,Chain Pickerel
4321,16,14,221,7,12,27.76815168,3094.318606,27.448,Chain Pickerel
4212,23,44,731,6,12,56.78839204,32164.66114,35.394,Chain Pickerel
2442,25,58,742,4,23,71.96033957,43036.73462,35.95,Chain Pickerel
5994,20,28,48,7,1,26.52204487,1344.378357,32.56,Chain Pickerel
5710,30,114,722,3,73,104.3135706,82308.21269,41.34,Chain Pickerel
3195,26,65,153,2,34,77.68409066,9945.154208,35.228,Chain Pickerel
1568,24,51,749,8,21,71.49631428,38199.9255,38.672,Chain Pickerel
1951,29,103,32,3,67,57.57355567,3296.779958,40.062,Chain Pickerel
5892,30,114,320,8,73,87.95320019,36480.78105,46.34,Chain Pickerel
4685,31,126,45,1,86,103.9804473,5670.637013,40.618,Chain Pickerel
9821,31,126,588,8,90,126.9909675,74088.18573,47.618,Chain Pickerel
6030,17,17,120,8,10,22.3669265,2040.29465,29.726,Chain Pickerel
8860,17,17,364,4,6,17.9032328,6188.683095,25.726,Chain Pickerel
2550,15,11,120,4,11,20.39576731,1320.851012,23.17,Chain Pickerel
6860,27,83,327,1,48,96.19120712,27141.82141,35.506,Chain Pickerel
4076,23,44,449,8,13,25.79539288,19756.29001,37.394,Chain Pickerel
9901,21,33,672,6,7,47.32232767,22176.98387,32.838,Chain Pickerel
8521,26,65,613,5,31,61.90188674,39845.34766,38.228,Chain Pickerel
7640,17,17,540,1,9,19.75508481,9180.878271,22.726,Chain Pickerel
2093,20,28,587,3,2,37.85906486,16436.97944,28.56,Chain Pickerel
8207,28,92,133,8,59,90.39955925,12236.59439,43.784,Chain Pickerel
8320,29,103,46,6,65,92.5097888,4738.793483,43.062,Chain Pickerel
1410,16,14,154,1,10,28.480806,2156.31313,21.448,Chain Pickerel
4180,28,92,322,3,59,100.0403336,29624.2126,38.784,Chain Pickerel
7848,27,83,304,7,49,54.89395101,25232.25815,41.506,Chain Pickerel
9327,27,83,752,8,51,92.77782252,62416.8376,42.506,Chain Pickerel
7374,28,92,285,5,56,35.58942948,26220.61507,40.784,Chain Pickerel
1984,26,65,337,8,32,65.44889605,21905.88415,41.228,Chain Pickerel
8085,15,11,325,3,15,23.48006152,3575.526193,22.17,Chain Pickerel
7367,22,38,279,8,6,52.21831712,10602.99529,36.116,Chain Pickerel
6599,26,65,420,6,30,38.55600387,27300.15925,39.228,Chain Pickerel
1658,15,11,734,1,15,23.58065754,8074.880871,20.17,Chain Pickerel
3724,19,24,296,4,2,27.01878068,7104.232112,28.282,Chain Pickerel
2193,27,83,592,3,48,101.3457787,49136.51058,37.506,Chain Pickerel
1644,28,92,659,6,57,106.3817056,60628.59787,41.784,Chain Pickerel
1952,22,38,162,3,5,35.50870331,6156.895108,31.116,Chain Pickerel
5956,24,51,634,7,21,56.38693985,32334.70868,37.672,Chain Pickerel
4316,27,83,90,2,46,108.6026006,7470.12531,36.506,Chain Pickerel
5844,28,92,552,3,58,76.49701446,50784.00341,38.784,Chain Pickerel
5310,25,58,536,2,26,46.76247304,31088.52724,33.95,Chain Pickerel
8864,23,44,743,6,14,52.23079126,32692.46052,35.394,Chain Pickerel
6332,31,126,80,8,90,126.9049201,10080.48513,47.618,Chain Pickerel
2440,17,17,669,2,5,32.97159762,11373.05231,23.726,Chain Pickerel
8501,27,83,203,2,46,57.80843331,16849.65394,36.506,Chain Pickerel
5429,30,114,717,3,75,108.5485131,81738.44051,41.34,Chain Pickerel
7739,28,92,16,1,54,98.15528618,1472.222853,36.784,Chain Pickerel
5099,16,14,199,4,12,28.03327347,2786.955418,24.448,Chain Pickerel
6043,25,58,240,6,25,68.31482293,13920.48763,37.95,Chain Pickerel
2327,17,17,669,8,8,22.82550975,11373.80152,29.726,Chain Pickerel
1990,25,58,630,6,27,33.77003366,36540.2547,37.95,Chain Pickerel
3953,17,17,361,1,6,22.39256175,6137.843701,22.726,Chain Pickerel
9457,25,58,327,1,23,63.35463184,18966.41354,32.95,Chain Pickerel
3461,20,28,700,2,2,47.53001951,19600.9486,27.56,Chain Pickerel
2560,31,126,731,3,90,90.18804347,92106.02135,42.618,Chain Pickerel
7027,31,126,243,7,87,116.9059694,30618.7422,46.618,Chain Pickerel
7174,26,65,125,8,28,48.59227711,8125.185395,41.228,Chain Pickerel
1766,24,51,73,8,18,60.18063468,3723.409271,38.672,Chain Pickerel
1417,16,14,462,3,11,23.56613874,6468.223658,23.448,Chain Pickerel
4098,27,83,691,5,47,51.28759492,57353.14135,39.506,Chain Pickerel
3789,18,20,27,5,7,20.94839591,540.3722025,28.004,Chain Pickerel
1682,19,24,658,2,5,42.52298453,15792.9846,26.282,Chain Pickerel
7332,29,103,728,6,65,122.9058974,74984.15447,43.062,Chain Pickerel
2827,20,28,384,4,3,30.30670334,10752.75072,29.56,Chain Pickerel
3669,18,20,382,1,6,26.26655112,7640.488397,24.004,Chain Pickerel
1350,31,126,174,3,87,140.1128974,21924.34127,42.618,Chain Pickerel
4097,23,44,520,4,12,54.36572886,22880.21067,33.394,Chain Pickerel
4681,18,20,233,4,3,19.84753153,4660.097153,27.004,Chain Pickerel
6825,22,38,376,6,8,29.37007247,14288.5704,34.116,Chain Pickerel
3872,22,38,698,4,10,50.2718543,26524.8234,32.116,Chain Pickerel
7186,18,20,658,5,5,34.58811138,13160.82573,28.004,Chain Pickerel
